count, time (ms), deltaTime (ms), force, xPos, xPosRaw, xPosDeg, deltaX, deltaXDeg
0, 0, 0, 10000, 9, 8199, 0.412, 0, 0.000
1, 1, 1, 10000, 9, 8199, 0.412, 0, 0.000
2, 3, 2, 10000, 9, 8199, 0.412, 0, 0.000
3, 5, 2, 10000, 9, 8199, 0.412, 0, 0.000
4, 7, 2, 10000, 9, 8199, 0.412, 0, 0.000
5, 9, 2, 10000, 9, 8199, 0.412, 0, 0.000
6, 10, 1, 10000, 9, 8199, 0.412, 0, 0.000
7, 12, 2, 10000, 9, 8199, 0.412, 0, 0.000
8, 14, 2, 10000, 9, 8199, 0.412, 0, 0.000
9, 16, 2, 10000, 7, 8198, 0.357, -1, -0.045
10, 17, 1, 10000, 5, 8196, 0.247, -2, -0.090
11, 19, 2, 10000, 1, 8193, 0.082, -3, -0.135
12, 21, 2, 10000, -4, 8188, -0.192, -5, -0.225
13, 23, 2, 10000, -9, 8184, -0.412, -4, -0.180
14, 27, 4, 10000, -23, 8172, -1.071, -12, -0.540
15, 29, 2, 10000, -29, 8167, -1.346, -5, -0.225
16, 31, 2, 10000, -29, 8167, -1.346, 0, 0.000
17, 32, 1, 10000, -37, 8161, -1.676, -6, -0.270
18, 34, 2, 10000, -43, 8156, -1.950, -5, -0.225
19, 36, 2, 10000, -46, 8153, -2.115, -3, -0.135
20, 38, 2, 10000, -48, 8152, -2.170, -1, -0.045
21, 39, 1, 10000, -51, 8149, -2.335, -3, -0.135
22, 41, 2, 10000, -54, 8147, -2.445, -2, -0.090
23, 43, 2, 10000, -54, 8147, -2.445, 0, 0.000
24, 45, 2, 10000, -57, 8144, -2.609, -3, -0.135
25, 47, 2, 10000, -57, 8144, -2.609, 0, 0.000
26, 48, 1, 10000, -59, 8143, -2.664, -1, -0.045
27, 50, 2, 10000, -62, 8140, -2.829, -3, -0.135
28, 52, 2, 10000, -66, 8137, -2.994, -3, -0.135
29, 54, 2, 10000, -70, 8134, -3.159, -3, -0.135
30, 56, 2, 10000, -76, 8129, -3.433, -5, -0.225
31, 57, 1, 10000, -83, 8123, -3.763, -6, -0.270
32, 59, 2, 10000, -89, 8118, -4.038, -5, -0.225
33, 61, 2, 10000, -97, 8112, -4.367, -6, -0.270
34, 63, 2, 10000, -97, 8112, -4.367, 0, 0.000
35, 64, 1, 10000, -105, 8105, -4.752, -7, -0.315
36, 66, 2, 10000, -112, 8099, -5.081, -6, -0.270
37, 68, 2, 10000, -122, 8091, -5.521, -8, -0.360
38, 70, 2, 10000, -132, 8083, -5.960, -8, -0.360
39, 72, 2, 10000, -139, 8077, -6.290, -6, -0.270
40, 74, 2, 10000, -150, 8068, -6.784, -9, -0.405
41, 76, 2, 10000, -158, 8062, -7.114, -6, -0.270
42, 80, 4, 10000, -176, 8047, -7.938, -15, -0.675
43, 82, 2, 10000, -186, 8039, -8.378, -8, -0.360
44, 83, 1, 10000, -193, 8033, -8.707, -6, -0.270
45, 85, 2, 10000, -203, 8025, -9.147, -8, -0.360
46, 87, 2, 10000, -214, 8016, -9.641, -9, -0.405
47, 89, 2, 10000, -221, 8010, -9.971, -6, -0.270
48, 91, 2, 10000, -221, 8010, -9.971, 0, 0.000
49, 92, 1, 10000, -232, 8001, -10.465, -9, -0.405
50, 94, 2, 10000, -242, 7993, -10.905, -8, -0.360
51, 96, 2, 10000, -253, 7984, -11.399, -9, -0.405
52, 98, 2, 10000, -264, 7975, -11.893, -9, -0.405
53, 99, 1, 10000, -275, 7966, -12.388, -9, -0.405
54, 101, 2, 10000, -286, 7957, -12.882, -9, -0.405
55, 103, 2, 10000, -299, 7946, -13.487, -11, -0.495
56, 105, 2, 10000, -310, 7937, -13.981, -9, -0.405
57, 107, 2, 10000, -321, 7928, -14.475, -9, -0.405
58, 109, 2, 10000, -332, 7919, -14.970, -9, -0.405
59, 111, 2, 10000, -346, 7908, -15.574, -11, -0.495
60, 113, 2, 10000, -357, 7899, -16.068, -9, -0.405
61, 115, 2, 10000, -370, 7888, -16.673, -11, -0.495
62, 120, 5, 10000, -394, 7868, -17.771, -20, -0.900
63, 121, 1, 10000, -407, 7858, -18.321, -10, -0.450
64, 123, 2, 10000, -420, 7847, -18.925, -11, -0.495
65, 125, 2, 10000, -433, 7836, -19.529, -11, -0.495
66, 127, 2, 10000, -446, 7826, -20.079, -10, -0.450
67, 128, 1, 10000, -446, 7826, -20.079, 0, 0.000
68, 130, 2, 10000, -459, 7815, -20.683, -11, -0.495
69, 132, 2, 10000, -474, 7803, -21.342, -12, -0.540
70, 134, 2, 10000, -487, 7792, -21.947, -11, -0.495
71, 136, 2, 10000, -499, 7782, -22.496, -10, -0.450
72, 137, 1, 10000, -515, 7769, -23.210, -13, -0.585
73, 139, 2, 10000, -527, 7759, -23.759, -10, -0.450
74, 141, 2, 10000, -542, 7747, -24.419, -12, -0.540
75, 143, 2, 10000, -558, 7734, -25.133, -13, -0.585
76, 147, 4, 10000, -585, 7712, -26.341, -22, -0.990
77, 149, 2, 10000, -601, 7699, -27.055, -13, -0.585
78, 150, 1, 10000, -601, 7699, -27.055, 0, 0.000
79, 152, 2, 10000, -615, 7687, -27.715, -12, -0.540
80, 154, 2, 10000, -630, 7675, -28.374, -12, -0.540
81, 156, 2, 10000, -645, 7663, -29.033, -12, -0.540
82, 158, 2, 10000, -662, 7649, -29.802, -14, -0.630
83, 159, 1, 10000, -679, 7635, -30.571, -14, -0.630
84, 161, 2, 10000, -694, 7623, -31.231, -12, -0.540
85, 163, 2, 10000, -708, 7611, -31.890, -12, -0.540
86, 165, 2, 10000, -725, 7597, -32.659, -14, -0.630
87, 167, 2, 10000, -725, 7597, -32.659, 0, 0.000
88, 168, 1, 10000, -740, 7585, -33.318, -12, -0.540
89, 170, 2, 10000, -755, 7573, -33.977, -12, -0.540
90, 172, 2, 10000, -772, 7559, -34.746, -14, -0.630
91, 174, 2, 10000, -786, 7547, -35.406, -12, -0.540
92, 176, 2, 10000, -801, 7535, -36.065, -12, -0.540
93, 177, 1, 10000, -816, 7523, -36.724, -12, -0.540
94, 179, 2, 10000, -833, 7509, -37.493, -14, -0.630
95, 183, 4, 10000, -864, 7483, -38.921, -26, -1.170
96, 187, 4, 10000, -882, 7469, -39.691, -14, -0.630
97, 189, 2, 10000, -914, 7442, -41.174, -27, -1.215
98, 191, 2, 10000, -914, 7442, -41.174, 0, 0.000
99, 192, 1, 10000, -929, 7430, -41.833, -12, -0.540
100, 194, 2, 10000, -946, 7416, -42.602, -14, -0.630
101, 196, 2, 10000, -965, 7401, -43.426, -15, -0.675
102, 198, 2, 10000, -982, 7387, -44.195, -14, -0.630
103, 199, 1, 10000, -999, 7373, -44.964, -14, -0.630
104, 201, 2, 10000, -1015, 7360, -45.678, -13, -0.585
105, 203, 2, 10000, -1032, 7346, -46.448, -14, -0.630
106, 205, 2, 10000, -1049, 7332, -47.217, -14, -0.630
107, 207, 2, 10000, -1049, 7332, -47.217, 0, 0.000
108, 208, 1, 10000, -1066, 7318, -47.986, -14, -0.630
109, 210, 2, 10000, -1084, 7303, -48.810, -15, -0.675
110, 212, 2, 10000, -1101, 7289, -49.579, -14, -0.630
111, 214, 2, 10000, -1117, 7276, -50.293, -13, -0.585
112, 216, 2, 10000, -1137, 7260, -51.172, -16, -0.720
113, 217, 1, 10000, -1153, 7247, -51.886, -13, -0.585
114, 219, 2, 10000, -1153, 7247, -51.886, 0, 0.000
115, 221, 2, 10000, -1188, 7218, -53.479, -29, -1.305
116, 223, 2, 10000, -1206, 7203, -54.303, -15, -0.675
117, 227, 4, 10000, -1240, 7175, -55.841, -28, -1.260
118, 229, 2, 10000, -1240, 7175, -55.841, 0, 0.000
119, 230, 1, 10000, -1258, 7161, -56.611, -14, -0.630
120, 232, 2, 10000, -1273, 7148, -57.325, -13, -0.585
121, 234, 2, 10000, -1293, 7132, -58.204, -16, -0.720
122, 236, 2, 10000, -1311, 7117, -59.028, -15, -0.675
123, 238, 2, 10000, -1327, 7104, -59.742, -13, -0.585
124, 239, 1, 10000, -1347, 7088, -60.621, -16, -0.720
125, 241, 2, 10000, -1365, 7073, -61.445, -15, -0.675
126, 243, 2, 10000, -1383, 7058, -62.269, -15, -0.675
127, 245, 2, 10000, -1383, 7058, -62.269, 0, 0.000
128, 246, 1, 10000, -1402, 7043, -63.093, -15, -0.675
129, 248, 2, 10000, -1421, 7027, -63.972, -16, -0.720
130, 250, 2, 10000, -1439, 7012, -64.796, -15, -0.675
131, 252, 2, 10000, -1456, 6998, -65.565, -14, -0.630
132, 253, 1, 10000, -1472, 6985, -66.279, -13, -0.585
133, 255, 2, 10000, -1492, 6969, -67.158, -16, -0.720
134, 257, 2, 10000, -1510, 6954, -67.982, -15, -0.675
135, 259, 2, 10000, -1529, 6939, -68.806, -15, -0.675
136, 261, 2, 10000, -1547, 6924, -69.630, -15, -0.675
137, 263, 2, 10000, -1547, 6924, -69.630, 0, 0.000
138, 266, 3, 10000, -1585, 6893, -71.333, -31, -1.395
139, 268, 2, 10000, -1603, 6878, -72.157, -15, -0.675
140, 270, 2, 10000, -1621, 6863, -72.981, -15, -0.675
141, 272, 2, 10000, -1642, 6846, -73.915, -17, -0.765
142, 274, 2, 10000, -1660, 6831, -74.739, -15, -0.675
143, 275, 1, 10000, -1677, 6817, -75.508, -14, -0.630
144, 277, 2, 10000, -1696, 6802, -76.332, -15, -0.675
145, 279, 2, 10000, -1696, 6802, -76.332, 0, 0.000
146, 281, 2, 10000, -1731, 6773, -77.925, -29, -1.305
147, 283, 2, 10000, -1731, 6773, -77.925, 0, 0.000
148, 284, 1, 10000, -1749, 6758, -78.749, -15, -0.675
149, 286, 2, 10000, -1770, 6741, -79.683, -17, -0.765
150, 288, 2, 10000, -1789, 6726, -80.507, -15, -0.675
151, 290, 2, 10000, -1808, 6710, -81.386, -16, -0.720
152, 292, 2, 10000, -1828, 6694, -82.265, -16, -0.720
153, 293, 1, 10000, -1847, 6678, -83.144, -16, -0.720
154, 295, 2, 10000, -1865, 6663, -83.968, -15, -0.675
155, 297, 2, 10000, -1886, 6646, -84.902, -17, -0.765
156, 299, 2, 10000, -1886, 6646, -84.902, 0, 0.000
157, 301, 2, 10000, -1923, 6616, -86.550, -30, -1.350
158, 303, 2, 10000, -1941, 6601, -87.374, -15, -0.675
159, 305, 2, 10000, -1962, 6584, -88.308, -17, -0.765
160, 307, 2, 10000, -1962, 6584, -88.308, 0, 0.000
161, 309, 2, 10000, -1980, 6569, -89.132, -15, -0.675
162, 311, 2, 10000, -2001, 6552, -90.066, -17, -0.765
163, 313, 2, 10000, -2022, 6535, -91.000, -17, -0.765
164, 314, 1, 10000, -2040, 6520, -91.824, -15, -0.675
165, 316, 2, 10000, -2061, 6503, -92.758, -17, -0.765
166, 318, 2, 10000, -2079, 6488, -93.582, -15, -0.675
167, 320, 2, 10000, -2097, 6473, -94.406, -15, -0.675
168, 322, 2, 10000, -2117, 6457, -95.285, -16, -0.720
169, 324, 2, 10000, -2135, 6442, -96.109, -15, -0.675
170, 326, 2, 10000, -2154, 6427, -96.933, -15, -0.675
171, 328, 2, 10000, -2172, 6412, -97.757, -15, -0.675
172, 330, 2, 10000, -2190, 6397, -98.581, -15, -0.675
173, 332, 2, 10000, -2210, 6381, -99.460, -16, -0.720
174, 334, 2, 10000, -2229, 6365, -100.339, -16, -0.720
175, 336, 2, 10000, -2250, 6348, -101.273, -17, -0.765
176, 338, 2, 10000, -2268, 6333, -102.097, -15, -0.675
177, 340, 2, 10000, -2289, 6316, -103.031, -17, -0.765
178, 342, 2, 10000, -2310, 6299, -103.964, -17, -0.765
179, 346, 4, 10000, -2349, 6267, -105.722, -32, -1.440
180, 348, 2, 10000, -2367, 6252, -106.546, -15, -0.675
181, 350, 2, 10000, -2388, 6235, -107.480, -17, -0.765
182, 352, 2, 10000, -2406, 6220, -108.304, -15, -0.675
183, 354, 2, 10000, -2427, 6203, -109.238, -17, -0.765
184, 355, 1, 10000, -2448, 6186, -110.172, -17, -0.765
185, 358, 3, 10000, -2469, 6169, -111.106, -17, -0.765
186, 360, 2, 10000, -2488, 6153, -111.985, -16, -0.720
187, 362, 2, 10000, -2509, 6136, -112.919, -17, -0.765
188, 364, 2, 10000, -2527, 6121, -113.743, -15, -0.675
189, 366, 2, 10000, -2547, 6105, -114.622, -16, -0.720
190, 367, 1, 10000, -2566, 6089, -115.501, -16, -0.720
191, 369, 2, 10000, -2587, 6072, -116.435, -17, -0.765
192, 373, 4, 10000, -2625, 6041, -118.138, -31, -1.395
193, 375, 2, 10000, -2643, 6026, -118.962, -15, -0.675
194, 377, 2, 10000, -2664, 6009, -119.896, -17, -0.765
195, 379, 2, 10000, -2683, 5993, -120.775, -16, -0.720
196, 381, 2, 10000, -2683, 5993, -120.775, 0, 0.000
197, 382, 1, 10000, -2704, 5976, -121.708, -17, -0.765
198, 384, 2, 10000, -2725, 5959, -122.642, -17, -0.765
199, 386, 2, 10000, -2746, 5942, -123.576, -17, -0.765
200, 388, 2, 10000, -2765, 5926, -124.455, -16, -0.720
201, 390, 2, 10000, -2785, 5910, -125.334, -16, -0.720
202, 391, 1, 10000, -2804, 5894, -126.213, -16, -0.720
203, 393, 2, 10000, -2825, 5877, -127.147, -17, -0.765
204, 395, 2, 10000, -2843, 5862, -127.971, -15, -0.675
205, 400, 5, 10000, -2885, 5828, -129.839, -34, -1.530
206, 401, 1, 10000, -2903, 5813, -130.663, -15, -0.675
207, 403, 2, 10000, -2925, 5795, -131.652, -18, -0.810
208, 409, 6, 10000, -2987, 5744, -134.453, -51, -2.295
209, 410, 1, 10000, -2987, 5744, -134.453, 0, 0.000
210, 412, 2, 10000, -3007, 5728, -135.332, -16, -0.720
211, 414, 2, 10000, -3026, 5712, -136.211, -16, -0.720
212, 416, 2, 10000, -3045, 5697, -137.035, -15, -0.675
213, 418, 2, 10000, -3065, 5680, -137.969, -17, -0.765
214, 420, 2, 10000, -3084, 5665, -138.793, -15, -0.675
215, 421, 1, 10000, -3105, 5648, -139.727, -17, -0.765
216, 423, 2, 10000, -3124, 5632, -140.606, -16, -0.720
217, 425, 2, 10000, -3145, 5615, -141.540, -17, -0.765
218, 427, 2, 10000, -3145, 5615, -141.540, 0, 0.000
219, 428, 1, 10000, -3166, 5598, -142.474, -17, -0.765
220, 430, 2, 10000, -3186, 5581, -143.408, -17, -0.765
221, 432, 2, 10000, -3206, 5565, -144.287, -16, -0.720
222, 434, 2, 10000, -3227, 5548, -145.221, -17, -0.765
223, 435, 1, 10000, -3245, 5533, -146.045, -15, -0.675
224, 437, 2, 10000, -3266, 5516, -146.979, -17, -0.765
225, 439, 2, 10000, -3286, 5499, -147.912, -17, -0.765
226, 441, 2, 10000, -3307, 5482, -148.846, -17, -0.765
227, 443, 2, 10000, -3307, 5482, -148.846, 0, 0.000
228, 444, 1, 10000, -3328, 5465, -149.780, -17, -0.765
229, 446, 2, 10000, -3347, 5449, -150.659, -16, -0.720
230, 448, 2, 10000, -3371, 5430, -151.703, -19, -0.855
231, 450, 2, 10000, -3389, 5415, -152.527, -15, -0.675
232, 452, 2, 10000, -3410, 5398, -153.461, -17, -0.765
233, 453, 1, 10000, -3429, 5382, -154.340, -16, -0.720
234, 455, 2, 10000, -3450, 5365, -155.274, -17, -0.765
235, 457, 2, 10000, -3468, 5350, -156.098, -15, -0.675
236, 459, 2, 10000, -3468, 5350, -156.098, 0, 0.000
237, 461, 2, 10000, -3507, 5318, -157.856, -32, -1.440
238, 463, 2, 10000, -3528, 5301, -158.790, -17, -0.765
239, 467, 4, 10000, -3549, 5284, -159.723, -17, -0.765
240, 468, 1, 10000, -3567, 5269, -160.548, -15, -0.675
241, 470, 2, 10000, -3589, 5251, -161.536, -18, -0.810
242, 472, 2, 10000, -3610, 5234, -162.470, -17, -0.765
243, 474, 2, 10000, -3631, 5217, -163.404, -17, -0.765
244, 476, 2, 10000, -3651, 5200, -164.338, -17, -0.765
245, 477, 1, 10000, -3671, 5184, -165.217, -16, -0.720
246, 479, 2, 10000, -3692, 5167, -166.151, -17, -0.765
247, 481, 2, 10000, -3712, 5150, -167.085, -17, -0.765
248, 483, 2, 10000, -3731, 5135, -167.909, -15, -0.675
249, 485, 2, 10000, -3731, 5135, -167.909, 0, 0.000
250, 486, 1, 10000, -3752, 5118, -168.843, -17, -0.765
251, 488, 2, 10000, -3772, 5101, -169.777, -17, -0.765
252, 490, 2, 10000, -3792, 5085, -170.656, -16, -0.720
253, 492, 2, 10000, -3815, 5066, -171.699, -19, -0.855
254, 493, 1, 10000, -3833, 5051, -172.523, -15, -0.675
255, 495, 2, 10000, -3855, 5033, -173.512, -18, -0.810
256, 497, 2, 10000, -3876, 5016, -174.446, -17, -0.765
257, 499, 2, 10000, -3897, 4999, -175.380, -17, -0.765
258, 501, 2, 10000, -3915, 4984, -176.204, -15, -0.675
259, 503, 2, 10000, -3936, 4967, -177.138, -17, -0.765
260, 505, 2, 10000, -3954, 4952, -177.962, -15, -0.675
261, 507, 2, 10000, -3975, 4935, -178.896, -17, -0.765
262, 509, 2, 10000, -3997, 4917, -179.885, -18, -0.810
263, 511, 2, 10000, -4018, 4900, -180.819, -17, -0.765
264, 513, 2, 10000, -4038, 4883, -181.752, -17, -0.765
265, 515, 2, 10000, -4058, 4867, -182.631, -16, -0.720
266, 520, 5, 10000, -4099, 4833, -184.499, -34, -1.530
267, 521, 1, 10000, -4120, 4816, -185.433, -17, -0.765
268, 523, 2, 10000, -4140, 4800, -186.312, -16, -0.720
269, 525, 2, 10000, -4159, 4784, -187.191, -16, -0.720
270, 527, 2, 10000, -4179, 4768, -188.070, -16, -0.720
271, 529, 2, 10000, -4179, 4768, -188.070, 0, 0.000
272, 530, 1, 10000, -4200, 4751, -189.004, -17, -0.765
273, 532, 2, 10000, -4220, 4734, -189.938, -17, -0.765
274, 534, 2, 10000, -4242, 4716, -190.927, -18, -0.810
275, 536, 2, 10000, -4263, 4699, -191.860, -17, -0.765
276, 538, 2, 10000, -4284, 4682, -192.794, -17, -0.765
277, 539, 1, 10000, -4303, 4666, -193.673, -16, -0.720
278, 541, 2, 10000, -4327, 4647, -194.717, -19, -0.855
279, 546, 5, 10000, -4366, 4615, -196.475, -32, -1.440
280, 548, 2, 10000, -4384, 4600, -197.299, -15, -0.675
281, 550, 2, 10000, -4405, 4583, -198.233, -17, -0.765
282, 552, 2, 10000, -4425, 4566, -199.167, -17, -0.765
283, 553, 1, 10000, -4445, 4550, -200.046, -16, -0.720
284, 555, 2, 10000, -4466, 4533, -200.980, -17, -0.765
285, 557, 2, 10000, -4488, 4515, -201.969, -18, -0.810
286, 559, 2, 10000, -4508, 4498, -202.902, -17, -0.765
287, 561, 2, 10000, -4508, 4498, -202.902, 0, 0.000
288, 562, 1, 10000, -4529, 4481, -203.836, -17, -0.765
289, 564, 2, 10000, -4551, 4463, -204.825, -18, -0.810
290, 566, 2, 10000, -4572, 4446, -205.759, -17, -0.765
291, 568, 2, 10000, -4590, 4431, -206.583, -15, -0.675
292, 570, 2, 10000, -4611, 4414, -207.517, -17, -0.765
293, 573, 3, 10000, -4632, 4397, -208.451, -17, -0.765
294, 574, 1, 10000, -4632, 4397, -208.451, 0, 0.000
295, 576, 2, 10000, -4651, 4381, -209.330, -16, -0.720
296, 578, 2, 10000, -4694, 4346, -211.253, -35, -1.575
297, 580, 2, 10000, -4715, 4329, -212.186, -17, -0.765
298, 581, 1, 10000, -4733, 4314, -213.010, -15, -0.675
299, 583, 2, 10000, -4754, 4297, -213.944, -17, -0.765
300, 585, 2, 10000, -4777, 4278, -214.988, -19, -0.855
301, 587, 2, 10000, -4797, 4262, -215.867, -16, -0.720
302, 589, 2, 10000, -4797, 4262, -215.867, 0, 0.000
303, 590, 1, 10000, -4816, 4246, -216.746, -16, -0.720
304, 592, 2, 10000, -4834, 4231, -217.570, -15, -0.675
305, 594, 2, 10000, -4855, 4214, -218.504, -17, -0.765
306, 596, 2, 10000, -4875, 4198, -219.383, -16, -0.720
307, 598, 2, 10000, -4895, 4181, -220.317, -17, -0.765
308, 599, 1, 10000, -4916, 4164, -221.251, -17, -0.765
309, 601, 2, 10000, -4938, 4146, -222.240, -18, -0.810
310, 603, 2, 10000, -4959, 4129, -223.173, -17, -0.765
311, 605, 2, 10000, -4980, 4112, -224.107, -17, -0.765
312, 607, 2, 10000, -4999, 4096, -224.986, -16, -0.720
313, 609, 2, 10000, -5020, 4079, -225.920, -17, -0.765
314, 611, 2, 10000, -5041, 4062, -226.854, -17, -0.765
315, 613, 2, 10000, -5061, 4045, -227.788, -17, -0.765
316, 615, 2, 10000, -5080, 4030, -228.612, -15, -0.675
317, 617, 2, 10000, -5102, 4012, -229.601, -18, -0.810
318, 619, 2, 10000, -5122, 3995, -230.535, -17, -0.765
319, 621, 2, 10000, -5143, 3978, -231.469, -17, -0.765
320, 623, 2, 10000, -5163, 3962, -232.348, -16, -0.720
321, 625, 2, 10000, -5163, 3962, -232.348, 0, 0.000
322, 627, 2, 10000, -5184, 3945, -233.281, -17, -0.765
323, 629, 2, 10000, -5207, 3926, -234.325, -19, -0.855
324, 631, 2, 10000, -5226, 3910, -235.204, -16, -0.720
325, 633, 2, 10000, -5247, 3893, -236.138, -17, -0.765
326, 635, 2, 10000, -5265, 3878, -236.962, -15, -0.675
327, 640, 5, 10000, -5328, 3827, -239.764, -51, -2.295
328, 642, 2, 10000, -5347, 3811, -240.643, -16, -0.720
329, 643, 1, 10000, -5370, 3792, -241.687, -19, -0.855
330, 645, 2, 10000, -5390, 3776, -242.565, -16, -0.720
331, 647, 2, 10000, -5411, 3759, -243.499, -17, -0.765
332, 649, 2, 10000, -5411, 3759, -243.499, 0, 0.000
333, 650, 1, 10000, -5433, 3741, -244.488, -18, -0.810
334, 652, 2, 10000, -5453, 3724, -245.422, -17, -0.765
335, 654, 2, 10000, -5474, 3707, -246.356, -17, -0.765
336, 656, 2, 10000, -5496, 3689, -247.345, -18, -0.810
337, 657, 1, 10000, -5514, 3674, -248.169, -15, -0.675
338, 659, 2, 10000, -5535, 3657, -249.103, -17, -0.765
339, 662, 3, 10000, -5558, 3638, -250.146, -19, -0.855
340, 664, 2, 10000, -5578, 3622, -251.025, -16, -0.720
341, 666, 2, 10000, -5601, 3603, -252.069, -19, -0.855
342, 667, 1, 10000, -5621, 3587, -252.948, -16, -0.720
343, 669, 2, 10000, -5644, 3568, -253.992, -19, -0.855
344, 671, 2, 10000, -5663, 3552, -254.871, -16, -0.720
345, 673, 2, 10000, -5684, 3535, -255.805, -17, -0.765
346, 675, 2, 10000, -5705, 3518, -256.739, -17, -0.765
347, 680, 5, 10000, -5744, 3486, -258.497, -32, -1.440
348, 682, 2, 10000, -5765, 3469, -259.431, -17, -0.765
349, 684, 2, 10000, -5787, 3451, -260.419, -18, -0.810
350, 686, 2, 10000, -5807, 3434, -261.353, -17, -0.765
351, 687, 1, 10000, -5827, 3418, -262.232, -16, -0.720
352, 689, 2, 10000, -5850, 3399, -263.276, -19, -0.855
353, 691, 2, 10000, -5870, 3383, -264.155, -16, -0.720
354, 697, 6, 10000, -5933, 3331, -267.012, -52, -2.340
355, 700, 3, 10000, -5933, 3331, -267.012, 0, 0.000
356, 701, 1, 10000, -5954, 3314, -267.945, -17, -0.765
357, 703, 2, 10000, -5995, 3280, -269.813, -34, -1.530
358, 705, 2, 10000, -5995, 3280, -269.813, 0, 0.000
359, 706, 1, 10000, -6017, 3262, -270.802, -18, -0.810
360, 708, 2, 10000, -6038, 3245, -271.736, -17, -0.765
361, 710, 2, 10000, -6058, 3229, -272.615, -16, -0.720
362, 712, 2, 10000, -6081, 3210, -273.659, -19, -0.855
363, 713, 1, 10000, -6100, 3194, -274.538, -16, -0.720
364, 715, 2, 10000, -6121, 3177, -275.472, -17, -0.765
365, 717, 2, 10000, -6142, 3160, -276.405, -17, -0.765
366, 719, 2, 10000, -6163, 3143, -277.339, -17, -0.765
367, 721, 2, 10000, -6163, 3143, -277.339, 0, 0.000
368, 723, 2, 10000, -6181, 3128, -278.163, -15, -0.675
369, 725, 2, 10000, -6203, 3110, -279.152, -18, -0.810
370, 727, 2, 10000, -6221, 3095, -279.976, -15, -0.675
371, 728, 1, 10000, -6244, 3076, -281.020, -19, -0.855
372, 734, 6, 10000, -6308, 3024, -283.877, -52, -2.340
373, 735, 1, 10000, -6330, 3006, -284.865, -18, -0.810
374, 737, 2, 10000, -6351, 2989, -285.799, -17, -0.765
375, 739, 2, 10000, -6370, 2973, -286.678, -16, -0.720
376, 741, 2, 10000, -6391, 2956, -287.612, -17, -0.765
377, 743, 2, 10000, -6391, 2956, -287.612, 0, 0.000
378, 744, 1, 10000, -6412, 2939, -288.546, -17, -0.765
379, 746, 2, 10000, -6434, 2921, -289.535, -18, -0.810
380, 748, 2, 10000, -6456, 2903, -290.524, -18, -0.810
381, 750, 2, 10000, -6475, 2887, -291.403, -16, -0.720
382, 751, 1, 10000, -6497, 2869, -292.392, -18, -0.810
383, 753, 2, 10000, -6519, 2851, -293.380, -18, -0.810
384, 755, 2, 10000, -6542, 2832, -294.424, -19, -0.855
385, 757, 2, 10000, -6562, 2816, -295.303, -16, -0.720
386, 759, 2, 10000, -6562, 2816, -295.303, 0, 0.000
387, 760, 1, 10000, -6583, 2799, -296.237, -17, -0.765
388, 762, 2, 10000, -6603, 2782, -297.171, -17, -0.765
389, 764, 2, 10000, -6624, 2765, -298.105, -17, -0.765
390, 766, 2, 10000, -6644, 2749, -298.984, -16, -0.720
391, 768, 2, 10000, -6664, 2732, -299.918, -17, -0.765
392, 769, 1, 10000, -6685, 2715, -300.852, -17, -0.765
393, 771, 2, 10000, -6707, 2697, -301.840, -18, -0.810
394, 773, 2, 10000, -6728, 2680, -302.774, -17, -0.765
395, 775, 2, 10000, -6750, 2662, -303.763, -18, -0.810
396, 777, 2, 10000, -6771, 2645, -304.697, -17, -0.765
397, 779, 2, 10000, -6793, 2627, -305.686, -18, -0.810
398, 781, 2, 10000, -6813, 2610, -306.620, -17, -0.765
399, 786, 5, 10000, -6855, 2576, -308.487, -34, -1.530
400, 788, 2, 10000, -6874, 2560, -309.366, -16, -0.720
401, 790, 2, 10000, -6895, 2543, -310.300, -17, -0.765
402, 792, 2, 10000, -6917, 2525, -311.289, -18, -0.810
403, 793, 1, 10000, -6938, 2508, -312.223, -17, -0.765
404, 795, 2, 10000, -6959, 2491, -313.157, -17, -0.765
405, 797, 2, 10000, -6981, 2473, -314.146, -18, -0.810
406, 799, 2, 10000, -7001, 2456, -315.080, -17, -0.765
407, 801, 2, 10000, -7001, 2456, -315.080, 0, 0.000
408, 802, 1, 10000, -7022, 2439, -316.014, -17, -0.765
409, 804, 2, 10000, -7042, 2423, -316.893, -16, -0.720
410, 806, 2, 10000, -7062, 2406, -317.826, -17, -0.765
411, 808, 2, 10000, -7081, 2391, -318.650, -15, -0.675
412, 809, 1, 10000, -7101, 2374, -319.584, -17, -0.765
413, 811, 2, 10000, -7122, 2357, -320.518, -17, -0.765
414, 813, 2, 10000, -7144, 2339, -321.507, -18, -0.810
415, 815, 2, 10000, -7165, 2322, -322.441, -17, -0.765
416, 817, 2, 10000, -7186, 2305, -323.375, -17, -0.765
417, 819, 2, 10000, -7208, 2287, -324.364, -18, -0.810
418, 821, 2, 10000, -7228, 2270, -325.298, -17, -0.765
419, 823, 2, 10000, -7249, 2253, -326.231, -17, -0.765
420, 825, 2, 10000, -7249, 2253, -326.231, 0, 0.000
421, 827, 2, 10000, -7269, 2237, -327.110, -16, -0.720
422, 829, 2, 10000, -7288, 2221, -327.989, -16, -0.720
423, 831, 2, 10000, -7308, 2205, -328.868, -16, -0.720
424, 832, 1, 10000, -7328, 2188, -329.802, -17, -0.765
425, 834, 2, 10000, -7349, 2171, -330.736, -17, -0.765
426, 836, 2, 10000, -7371, 2153, -331.725, -18, -0.810
427, 838, 2, 10000, -7393, 2135, -332.714, -18, -0.810
428, 840, 2, 10000, -7413, 2119, -333.593, -16, -0.720
429, 842, 2, 10000, -7435, 2101, -334.582, -18, -0.810
430, 844, 2, 10000, -7455, 2084, -335.515, -17, -0.765
431, 846, 2, 10000, -7476, 2067, -336.449, -17, -0.765
432, 848, 2, 10000, -7494, 2052, -337.273, -15, -0.675
433, 850, 2, 10000, -7515, 2035, -338.207, -17, -0.765
434, 852, 2, 10000, -7535, 2019, -339.086, -16, -0.720
435, 854, 2, 10000, -7556, 2002, -340.020, -17, -0.765
436, 856, 2, 10000, -7577, 1984, -341.009, -18, -0.810
437, 858, 2, 10000, -7598, 1967, -341.943, -17, -0.765
438, 860, 2, 10000, -7619, 1950, -342.877, -17, -0.765
439, 862, 2, 10000, -7641, 1932, -343.866, -18, -0.810
440, 864, 2, 10000, -7662, 1915, -344.799, -17, -0.765
441, 866, 2, 10000, -7684, 1897, -345.788, -18, -0.810
442, 868, 2, 10000, -7702, 1882, -346.612, -15, -0.675
443, 870, 2, 10000, -7723, 1865, -347.546, -17, -0.765
444, 872, 2, 10000, -7745, 1847, -348.535, -18, -0.810
445, 874, 2, 10000, -7765, 1830, -349.469, -17, -0.765
446, 875, 1, 10000, -7786, 1813, -350.403, -17, -0.765
447, 880, 5, 10000, -7829, 1778, -352.326, -35, -1.575
448, 881, 1, 10000, -7851, 1760, -353.314, -18, -0.810
449, 883, 2, 10000, -7872, 1743, -354.248, -17, -0.765
450, 885, 2, 10000, -7894, 1725, -355.237, -18, -0.810
451, 887, 2, 10000, -7914, 1708, -356.171, -17, -0.765
452, 889, 2, 10000, -7914, 1708, -356.171, 0, 0.000
453, 890, 1, 10000, -7935, 1691, -357.105, -17, -0.765
454, 892, 2, 10000, -7956, 1674, -358.039, -17, -0.765
455, 894, 2, 10000, -7974, 1659, -358.863, -15, -0.675
456, 896, 2, 10000, -7996, 1641, -359.852, -18, -0.810
457, 897, 1, 10000, -8017, 1624, -360.786, -17, -0.765
458, 899, 2, 10000, -8038, 1607, -361.719, -17, -0.765
459, 901, 2, 10000, -8060, 1589, -362.708, -18, -0.810
460, 903, 2, 10000, -8080, 1572, -363.642, -17, -0.765
461, 907, 4, 10000, -8121, 1539, -365.455, -33, -1.485
462, 909, 2, 10000, -8121, 1539, -365.455, 0, 0.000
463, 910, 1, 10000, -8141, 1522, -366.389, -17, -0.765
464, 912, 2, 10000, -8163, 1504, -367.378, -18, -0.810
465, 914, 2, 10000, -8184, 1487, -368.312, -17, -0.765
466, 916, 2, 10000, -8205, 1470, -369.246, -17, -0.765
467, 917, 1, 10000, -8226, 1453, -370.179, -17, -0.765
468, 919, 2, 10000, -8245, 1437, -371.058, -16, -0.720
469, 921, 2, 10000, -8268, 1418, -372.102, -19, -0.855
470, 923, 2, 10000, -8288, 1402, -372.981, -16, -0.720
471, 925, 2, 10000, -8288, 1402, -372.981, 0, 0.000
472, 926, 1, 10000, -8309, 1385, -373.915, -17, -0.765
473, 928, 2, 10000, -8331, 1367, -374.904, -18, -0.810
474, 933, 5, 10000, -8391, 1318, -377.596, -49, -2.205
475, 935, 2, 10000, -8391, 1318, -377.596, 0, 0.000
476, 936, 1, 10000, -8411, 1301, -378.530, -17, -0.765
477, 938, 2, 10000, -8432, 1284, -379.463, -17, -0.765
478, 940, 2, 10000, -8452, 1268, -380.342, -16, -0.720
479, 942, 2, 10000, -8472, 1251, -381.276, -17, -0.765
480, 943, 1, 10000, -8496, 1232, -382.320, -19, -0.855
481, 945, 2, 10000, -8515, 1216, -383.199, -16, -0.720
482, 948, 3, 10000, -8536, 1199, -384.133, -17, -0.765
483, 950, 2, 10000, -8557, 1182, -385.067, -17, -0.765
484, 952, 2, 10000, -8579, 1164, -386.056, -18, -0.810
485, 953, 1, 10000, -8600, 1146, -387.044, -18, -0.810
486, 955, 2, 10000, -8621, 1129, -387.978, -17, -0.765
487, 957, 2, 10000, -8640, 1114, -388.802, -15, -0.675
488, 959, 2, 10000, -8660, 1097, -389.736, -17, -0.765
489, 960, 1, 10000, -8660, 1097, -389.736, 0, 0.000
490, 962, 2, 10000, -8682, 1079, -390.725, -18, -0.810
491, 964, 2, 10000, -8703, 1062, -391.659, -17, -0.765
492, 966, 2, 10000, -8724, 1045, -392.593, -17, -0.765
493, 968, 2, 10000, -8745, 1028, -393.527, -17, -0.765
494, 969, 1, 10000, -8767, 1010, -394.516, -18, -0.810
495, 971, 2, 10000, -8787, 993, -395.450, -17, -0.765
496, 973, 2, 10000, -8808, 976, -396.383, -17, -0.765
497, 975, 2, 10000, -8828, 960, -397.262, -16, -0.720
498, 977, 2, 10000, -8828, 960, -397.262, 0, 0.000
499, 978, 1, 10000, -8847, 944, -398.141, -16, -0.720
500, 980, 2, 10000, -8867, 928, -399.020, -16, -0.720
501, 982, 2, 10000, -8887, 911, -399.954, -17, -0.765
502, 984, 2, 10000, -8908, 894, -400.888, -17, -0.765
503, 986, 2, 10000, -8929, 877, -401.822, -17, -0.765
504, 988, 2, 10000, -8948, 861, -402.701, -16, -0.720
505, 990, 2, 10000, -8972, 842, -403.745, -19, -0.855
506, 992, 2, 10000, -8994, 824, -404.734, -18, -0.810
