time(ms), dt, force, posX, rawPosX, posXDeg, velX (rad/s)
599, 2, 0, 7, 8198, 0.357077, 0.000000
601, 2, 0, 7, 8198, 0.357077, 0.000000
603, 2, 0, 7, 8198, 0.357077, 0.000000
605, 2, 0, 7, 8198, 0.357077, 0.000000
607, 2, 0, 7, 8198, 0.357077, 0.000000
609, 2, 0, 7, 8198, 0.357077, 0.000000
611, 2, 0, 7, 8198, 0.357077, 0.000000
613, 2, 0, 7, 8198, 0.357077, 0.000000
615, 2, 0, 7, 8198, 0.357077, 0.000000
617, 2, 0, 7, 8198, 0.357077, 0.000000
619, 2, 0, 7, 8198, 0.357077, 0.000000
620, 1, 0, 7, 8198, 0.357077, 0.000000
622, 2, 0, 7, 8198, 0.357077, 0.000000
624, 2, 0, 7, 8198, 0.357077, 0.000000
626, 2, 0, 7, 8198, 0.357077, 0.000000
628, 2, 0, 7, 8198, 0.357077, 0.000000
630, 2, 0, 7, 8198, 0.357077, 0.000000
632, 2, 0, 7, 8198, 0.357077, 0.000000
635, 3, 0, 7, 8198, 0.357077, 0.000000
637, 2, 0, 7, 8198, 0.357077, 0.000000
639, 2, 0, 7, 8198, 0.357077, 0.000000
641, 2, 0, 7, 8198, 0.357077, 0.000000
642, 1, 0, 7, 8198, 0.357077, 0.000000
644, 2, 0, 7, 8198, 0.357077, 0.000000
646, 2, 0, 7, 8198, 0.357077, 0.000000
648, 2, 0, 7, 8198, 0.357077, 0.000000
650, 2, 0, 7, 8198, 0.357077, 0.000000
654, 4, 0, 7, 8198, 0.357077, 0.000000
656, 2, 0, 7, 8198, 0.357077, 0.000000
658, 2, 0, 7, 8198, 0.357077, 0.000000
659, 1, 0, 7, 8198, 0.357077, 0.000000
661, 2, 0, 7, 8198, 0.357077, 0.000000
663, 2, 0, 7, 8198, 0.357077, 0.000000
665, 2, 0, 7, 8198, 0.357077, 0.000000
667, 2, 0, 7, 8198, 0.357077, 0.000000
669, 2, 0, 7, 8198, 0.357077, 0.000000
671, 2, 0, 7, 8198, 0.357077, 0.000000
672, 1, 0, 7, 8198, 0.357077, 0.000000
674, 2, 0, 7, 8198, 0.357077, 0.000000
676, 2, 0, 7, 8198, 0.357077, 0.000000
681, 5, 0, 7, 8198, 0.357077, 0.000000
683, 2, 0, 7, 8198, 0.357077, 0.000000
685, 2, 0, 7, 8198, 0.357077, 0.000000
686, 1, 0, 7, 8198, 0.357077, 0.000000
688, 2, 0, 7, 8198, 0.357077, 0.000000
690, 2, 0, 7, 8198, 0.357077, 0.000000
692, 2, 0, 7, 8198, 0.357077, 0.000000
694, 2, 0, 7, 8198, 0.357077, 0.000000
695, 1, 0, 7, 8198, 0.357077, 0.000000
697, 2, 0, 7, 8198, 0.357077, 0.000000
699, 2, 0, 7, 8198, 0.357077, 0.000000
701, 2, 0, 7, 8198, 0.357077, 0.000000
703, 2, 0, 7, 8198, 0.357077, 0.000000
704, 1, 0, 7, 8198, 0.357077, 0.000000
706, 2, 0, 7, 8198, 0.357077, 0.000000
708, 2, 0, 7, 8198, 0.357077, 0.000000
710, 2, 0, 7, 8198, 0.357077, 0.000000
712, 2, 0, 7, 8198, 0.357077, 0.000000
713, 1, 0, 7, 8198, 0.357077, 0.000000
715, 2, 0, 7, 8198, 0.357077, 0.000000
717, 2, 0, 7, 8198, 0.357077, 0.000000
719, 2, 0, 7, 8198, 0.357077, 0.000000
721, 2, 0, 7, 8198, 0.357077, 0.000000
722, 1, 0, 7, 8198, 0.357077, 0.000000
724, 2, 0, 7, 8198, 0.357077, 0.000000
726, 2, 0, 7, 8198, 0.357077, 0.000000
728, 2, 0, 7, 8198, 0.357077, 0.000000
730, 2, 0, 7, 8198, 0.357077, 0.000000
731, 1, 0, 7, 8198, 0.357077, 0.000000
733, 2, 0, 7, 8198, 0.357077, 0.000000
735, 2, 0, 7, 8198, 0.357077, 0.000000
737, 2, 0, 7, 8198, 0.357077, 0.000000
739, 2, 0, 7, 8198, 0.357077, 0.000000
743, 4, 0, 7, 8198, 0.357077, 0.000000
747, 4, 0, 7, 8198, 0.357077, 0.000000
749, 2, 0, 7, 8198, 0.357077, 0.000000
751, 2, 0, 7, 8198, 0.357077, 0.000000
753, 2, 0, 7, 8198, 0.357077, 0.000000
754, 1, 0, 7, 8198, 0.357077, 0.000000
756, 2, 0, 7, 8198, 0.357077, 0.000000
758, 2, 0, 7, 8198, 0.357077, 0.000000
760, 2, 0, 7, 8198, 0.357077, 0.000000
762, 2, 0, 7, 8198, 0.357077, 0.000000
765, 3, 0, 7, 8198, 0.357077, 0.000000
767, 2, 0, 7, 8198, 0.357077, 0.000000
768, 1, 0, 7, 8198, 0.357077, 0.000000
770, 2, 0, 7, 8198, 0.357077, 0.000000
772, 2, 0, 7, 8198, 0.357077, 0.000000
774, 2, 0, 7, 8198, 0.357077, 0.000000
776, 2, 0, 7, 8198, 0.357077, 0.000000
777, 1, 0, 7, 8198, 0.357077, 0.000000
779, 2, 0, 7, 8198, 0.357077, 0.000000
781, 2, 0, 7, 8198, 0.357077, 0.000000
783, 2, 0, 7, 8198, 0.357077, 0.000000
785, 2, 0, 7, 8198, 0.357077, 0.000000
786, 1, 0, 7, 8198, 0.357077, 0.000000
788, 2, 0, 7, 8198, 0.357077, 0.000000
790, 2, 0, 7, 8198, 0.357077, 0.000000
792, 2, 0, 7, 8198, 0.357077, 0.000000
794, 2, 0, 7, 8198, 0.357077, 0.000000
795, 1, 0, 7, 8198, 0.357077, 0.000000
797, 2, 0, 7, 8198, 0.357077, 0.000000
801, 4, 0, 7, 8198, 0.357077, 0.000000
803, 2, 0, 7, 8198, 0.357077, 0.000000
805, 2, 0, 7, 8198, 0.357077, 0.000000
807, 2, 0, 7, 8198, 0.357077, 0.000000
809, 2, 0, 7, 8198, 0.357077, 0.000000
810, 1, 0, 7, 8198, 0.357077, 0.000000
812, 2, 0, 7, 8198, 0.357077, 0.000000
814, 2, 0, 7, 8198, 0.357077, 0.000000
816, 2, 0, 7, 8198, 0.357077, 0.000000
818, 2, 0, 7, 8198, 0.357077, 0.000000
819, 1, 0, 7, 8198, 0.357077, 0.000000
821, 2, 0, 7, 8198, 0.357077, 0.000000
823, 2, 0, 7, 8198, 0.357077, 0.000000
828, 5, 0, 7, 8198, 0.357077, 0.000000
830, 2, 0, 7, 8198, 0.357077, 0.000000
831, 1, 0, 7, 8198, 0.357077, 0.000000
833, 2, 0, 7, 8198, 0.357077, 0.000000
835, 2, 0, 7, 8198, 0.357077, 0.000000
837, 2, 0, 7, 8198, 0.357077, 0.000000
838, 1, 0, 7, 8198, 0.357077, 0.000000
840, 2, 0, 7, 8198, 0.357077, 0.000000
842, 2, 0, 7, 8198, 0.357077, 0.000000
844, 2, 0, 7, 8198, 0.357077, 0.000000
846, 2, 0, 7, 8198, 0.357077, 0.000000
847, 1, 0, 7, 8198, 0.357077, 0.000000
849, 2, 0, 7, 8198, 0.357077, 0.000000
851, 2, 0, 7, 8198, 0.357077, 0.000000
853, 2, 0, 7, 8198, 0.357077, 0.000000
854, 1, 0, 7, 8198, 0.357077, 0.000000
856, 2, 0, 7, 8198, 0.357077, 0.000000
858, 2, 0, 7, 8198, 0.357077, 0.000000
861, 3, 0, 7, 8198, 0.357077, 0.000000
863, 2, 0, 7, 8198, 0.357077, 0.000000
865, 2, 0, 7, 8198, 0.357077, 0.000000
867, 2, 0, 7, 8198, 0.357077, 0.000000
869, 2, 0, 7, 8198, 0.357077, 0.000000
870, 1, 0, 7, 8198, 0.357077, 0.000000
872, 2, 0, 7, 8198, 0.357077, 0.000000
874, 2, 0, 7, 8198, 0.357077, 0.000000
876, 2, 0, 7, 8198, 0.357077, 0.000000
881, 5, 0, 7, 8198, 0.357077, 0.000000
883, 2, 0, 7, 8198, 0.357077, 0.000000
884, 1, 0, 7, 8198, 0.357077, 0.000000
886, 2, 0, 7, 8198, 0.357077, 0.000000
888, 2, 0, 7, 8198, 0.357077, 0.000000
890, 2, 0, 7, 8198, 0.357077, 0.000000
892, 2, 0, 7, 8198, 0.357077, 0.000000
893, 1, 0, 7, 8198, 0.357077, 0.000000
895, 2, 0, 7, 8198, 0.357077, 0.000000
897, 2, 0, 7, 8198, 0.357077, 0.000000
899, 2, 0, 7, 8198, 0.357077, 0.000000
901, 2, -10000, 7, 8198, 0.357077, 0.000000
902, 1, -10000, 7, 8198, 0.357077, 0.000000
907, 5, -10000, 7, 8198, 0.357077, 0.000000
909, 2, -10000, 7, 8198, 0.357077, 0.000000
911, 2, -10000, 7, 8198, 0.357077, 0.000000
913, 2, -10000, 7, 8198, 0.357077, 0.000000
914, 1, -10000, 5, 8196, 0.247207, -1.917593
916, 2, -10000, 1, 8193, 0.082402, -1.438195
918, 2, -10000, -4, 8188, -0.192272, -2.396991
920, 2, -10000, -9, 8184, -0.412012, -1.917593
922, 2, -10000, -9, 8184, -0.412012, 0.000000
923, 1, -10000, -16, 8178, -0.741622, -5.752779
925, 2, -10000, -23, 8172, -1.071232, -2.876390
927, 2, -10000, -29, 8167, -1.345907, -2.396991
929, 2, -10000, -34, 8163, -1.565647, -1.917593
931, 2, -10000, -40, 8158, -1.840322, -2.396991
932, 1, -10000, -44, 8155, -2.005127, -2.876390
934, 2, -10000, -48, 8152, -2.169932, -1.438195
936, 2, -10000, -50, 8150, -2.279802, -0.958796
938, 2, -10000, -54, 8147, -2.444607, -1.438195
940, 2, -10000, -54, 8147, -2.444607, 0.000000
941, 1, -10000, -54, 8147, -2.444607, 0.000000
943, 2, -10000, -57, 8144, -2.609412, -1.438195
945, 2, -10000, -59, 8143, -2.664347, -0.479398
947, 2, -10000, -62, 8140, -2.829152, -1.438195
949, 2, -10000, -66, 8137, -2.993957, -1.438195
950, 1, -10000, -70, 8134, -3.158762, -2.876390
952, 2, -10000, -76, 8129, -3.433437, -2.396991
954, 2, -10000, -82, 8124, -3.708112, -2.396991
956, 2, -10000, -82, 8124, -3.708112, 0.000000
958, 2, -10000, -89, 8118, -4.037722, -2.876390
959, 1, -10000, -94, 8114, -4.257462, -3.835186
961, 2, -10000, -104, 8106, -4.696942, -3.835186
963, 2, -10000, -111, 8100, -5.026552, -2.876390
965, 2, -10000, -111, 8100, -5.026552, 0.000000
966, 1, -10000, -128, 8086, -5.795642, -13.423151
968, 2, -10000, -136, 8080, -6.125252, -2.876390
970, 2, -10000, -144, 8073, -6.509797, -3.355788
974, 4, -10000, -164, 8057, -7.388757, -3.835186
976, 2, -10000, -171, 8051, -7.718367, -2.876390
978, 2, -10000, -171, 8051, -7.718367, 0.000000
979, 1, -10000, -180, 8044, -8.102912, -6.711576
981, 2, -10000, -187, 8038, -8.432522, -2.876390
983, 2, -10000, -197, 8030, -8.872002, -3.835186
985, 2, -10000, -206, 8022, -9.311481, -3.835186
987, 2, -10000, -215, 8015, -9.696027, -3.355788
988, 1, -10000, -225, 8007, -10.135507, -7.670372
990, 2, -10000, -236, 7998, -10.629921, -4.314584
992, 2, -10000, -245, 7990, -11.069401, -3.835186
994, 2, -10000, -256, 7981, -11.563816, -4.314584
996, 2, -10000, -256, 7981, -11.563816, 0.000000
997, 1, -10000, -265, 7974, -11.948361, -6.711576
999, 2, -10000, -277, 7964, -12.497711, -4.793983
1001, 2, -10000, -289, 7954, -13.047061, -4.793983
1003, 2, -10000, -300, 7945, -13.541476, -4.314584
1005, 2, -10000, -311, 7936, -14.035891, -4.314584
1006, 1, -10000, -324, 7926, -14.585240, -9.587965
1008, 2, -10000, -335, 7917, -15.079656, -4.314584
1010, 2, -10000, -346, 7908, -15.574071, -4.314584
1012, 2, -10000, -346, 7908, -15.574071, 0.000000
1014, 2, -10000, -357, 7899, -16.068485, -4.314584
1015, 1, -10000, -370, 7888, -16.672771, -10.546762
1017, 2, -10000, -381, 7879, -17.167185, -4.314584
1019, 2, -10000, -394, 7868, -17.771471, -5.273381
1021, 2, -10000, -407, 7858, -18.320820, -4.793983
1023, 2, -10000, -418, 7849, -18.815235, -4.314584
1025, 2, -10000, -431, 7838, -19.419519, -5.273381
1027, 2, -10000, -444, 7827, -20.023806, -5.273381
1029, 2, -10000, -457, 7817, -20.573154, -4.793983
1031, 2, -10000, -470, 7806, -21.177441, -5.273381
1033, 2, -10000, -484, 7795, -21.781725, -5.273381
1035, 2, -10000, -496, 7785, -22.331076, -4.793983
1037, 2, -10000, -512, 7772, -23.045229, -6.232177
1039, 2, -10000, -524, 7762, -23.594580, -4.793983
1041, 2, -10000, -538, 7750, -24.253799, -5.752779
1043, 2, -10000, -552, 7739, -24.858084, -5.273381
1045, 2, -10000, -567, 7727, -25.517305, -5.752779
1047, 2, -10000, -580, 7716, -26.121590, -5.273381
1049, 2, -10000, -595, 7704, -26.780809, -5.752779
1051, 2, -10000, -609, 7692, -27.440029, -5.752779
1052, 1, -10000, -624, 7680, -28.099249, -11.505558
1054, 2, -10000, -637, 7669, -28.703535, -5.273381
1056, 2, -10000, -654, 7655, -29.472624, -6.711576
1058, 2, -10000, -669, 7643, -30.131844, -5.752779
1060, 2, -10000, -684, 7631, -30.791063, -5.752779
1063, 3, -10000, -684, 7631, -30.791063, 0.000000
1067, 4, -10000, -730, 7593, -32.878593, -9.108566
1069, 2, -10000, -746, 7580, -33.592747, -6.232177
1071, 2, -10000, -761, 7568, -34.251968, -5.752779
1073, 2, -10000, -775, 7556, -34.911190, -5.752779
1075, 2, -10000, -790, 7544, -35.570408, -5.752779
1076, 1, -10000, -790, 7544, -35.570408, 0.000000
1078, 2, -10000, -805, 7532, -36.229630, -5.752779
1079, 1, -10000, -819, 7520, -36.888847, -11.505558
1080, 1, -10000, -835, 7507, -37.603004, -12.464354
1082, 2, -10000, -851, 7494, -38.317158, -6.232177
1084, 2, -10000, -868, 7480, -39.086246, -6.711576
1086, 2, -10000, -883, 7468, -39.745468, -5.752779
1088, 2, -10000, -883, 7468, -39.745468, 0.000000
1089, 1, -10000, -900, 7454, -40.514557, -13.423151
1091, 2, -10000, -914, 7442, -41.173779, -5.752779
1093, 2, -10000, -932, 7428, -41.942867, -6.711576
1095, 2, -10000, -949, 7414, -42.711956, -6.711576
1097, 2, -10000, -965, 7401, -43.426113, -6.232177
1098, 1, -10000, -982, 7387, -44.195202, -13.423151
1100, 2, -10000, -999, 7373, -44.964291, -6.711576
1102, 2, -10000, -1013, 7361, -45.623512, -5.752779
1104, 2, -10000, -1013, 7361, -45.623512, 0.000000
1106, 2, -10000, -1030, 7347, -46.392601, -6.711576
1107, 1, -10000, -1046, 7334, -47.106758, -12.464354
1109, 2, -10000, -1063, 7320, -47.875847, -6.711576
1111, 2, -10000, -1080, 7306, -48.644936, -6.711576
1113, 2, -10000, -1098, 7292, -49.414028, -6.711576
1115, 2, -10000, -1113, 7279, -50.128181, -6.232177
1116, 1, -10000, -1132, 7264, -50.952206, -14.381948
1118, 2, -10000, -1149, 7250, -51.721298, -6.711576
1120, 2, -10000, -1166, 7236, -52.490387, -6.711576
1122, 2, -10000, -1166, 7236, -52.490387, 0.000000
1123, 1, -10000, -1184, 7221, -53.314411, -14.381948
1125, 2, -10000, -1201, 7207, -54.083500, -6.711576
1127, 2, -10000, -1218, 7193, -54.852592, -6.711576
1129, 2, -10000, -1233, 7181, -55.511810, -5.752779
1131, 2, -10000, -1249, 7168, -56.225967, -6.232177
1133, 2, -10000, -1266, 7154, -56.995056, -6.711576
1135, 2, -10000, -1284, 7139, -57.819080, -7.190974
1136, 1, -10000, -1301, 7125, -58.588169, -13.423151
1138, 2, -10000, -1319, 7111, -59.357262, -6.711576
1140, 2, -10000, -1337, 7096, -60.181286, -7.190974
1142, 2, -10000, -1354, 7082, -60.950375, -6.711576
1148, 6, -10000, -1389, 7053, -62.543491, -4.634183
1149, 1, -10000, -1408, 7038, -63.367516, -14.381948
1151, 2, -10000, -1426, 7023, -64.191544, -7.190974
1153, 2, -10000, -1443, 7009, -64.960632, -6.711576
1155, 2, -10000, -1460, 6995, -65.729721, -6.711576
1156, 1, -10000, -1478, 6980, -66.553741, -14.381948
1158, 2, -10000, -1496, 6966, -67.322838, -6.711576
1160, 2, -10000, -1514, 6951, -68.146858, -7.190974
1162, 2, -10000, -1532, 6936, -68.970886, -7.190974
1164, 2, -10000, -1532, 6936, -68.970886, 0.000000
1165, 1, -10000, -1550, 6921, -69.794907, -14.381948
1167, 2, -10000, -1570, 6905, -70.673866, -7.670372
1169, 2, -10000, -1586, 6892, -71.388023, -6.232177
1174, 5, -10000, -1642, 6846, -73.915031, -8.820928
1176, 2, -10000, -1642, 6846, -73.915031, 0.000000
1178, 2, -10000, -1660, 6831, -74.739059, -7.190974
1179, 1, -10000, -1679, 6816, -75.563087, -14.381948
1181, 2, -10000, -1696, 6802, -76.332176, -6.711576
1183, 2, -10000, -1713, 6788, -77.101265, -6.711576
1185, 2, -10000, -1731, 6773, -77.925285, -7.190974
1187, 2, -10000, -1749, 6758, -78.749313, -7.190974
1188, 1, -10000, -1769, 6742, -79.628273, -15.340743
1190, 2, -10000, -1787, 6727, -80.452301, -7.190974
1192, 2, -10000, -1806, 6712, -81.276321, -7.190974
1194, 2, -10000, -1806, 6712, -81.276321, 0.000000
1196, 2, -10000, -1823, 6698, -82.045410, -6.711576
1197, 1, -10000, -1823, 6698, -82.045410, 0.000000
1198, 1, -10000, -1843, 6681, -82.979309, -16.299540
1200, 2, -10000, -1862, 6666, -83.803329, -7.190974
1202, 2, -10000, -1862, 6666, -83.803329, 0.000000
1203, 1, 10000, -1898, 6636, -85.451385, -28.763895
1209, 6, 10000, -1955, 6590, -87.978394, -7.350773
1211, 2, 10000, -1975, 6573, -88.912285, -8.149770
1212, 1, 10000, -1994, 6558, -89.736313, -14.381948
1214, 2, 10000, -1994, 6558, -89.736313, 0.000000
1216, 2, 10000, -2014, 6541, -90.670204, -8.149770
1217, 1, 10000, -2033, 6526, -91.494232, -14.381948
1219, 2, 10000, -2051, 6511, -92.318260, -7.190974
1221, 2, 10000, -2066, 6499, -92.977478, -5.752779
1223, 2, 10000, -2078, 6489, -93.526825, -4.793983
1225, 2, 10000, -2086, 6482, -93.911369, -3.355788
1226, 1, 10000, -2093, 6477, -94.186043, -4.793983
1228, 2, 10000, -2097, 6473, -94.405785, -1.917593
1230, 2, 10000, -2100, 6471, -94.515656, -0.958796
1232, 2, 10000, -2104, 6468, -94.680458, -1.438195
1234, 2, 10000, -2104, 6468, -94.680458, 0.000000
1236, 2, 10000, -2105, 6467, -94.735397, -0.479398
1237, 1, 10000, -2107, 6465, -94.845268, -1.917593
1239, 2, 10000, -2112, 6461, -95.065010, -1.917593
1241, 2, 10000, -2118, 6456, -95.339684, -2.396991
1243, 2, 10000, -2128, 6448, -95.779160, -3.835186
1245, 2, 10000, -2136, 6441, -96.163704, -3.355788
1247, 2, 10000, -2147, 6432, -96.658119, -4.314584
1249, 2, 10000, -2161, 6421, -97.262405, -5.273381
1251, 2, 10000, -2174, 6410, -97.866692, -5.273381
1254, 3, 10000, -2200, 6389, -99.020325, -6.711575
1256, 2, 10000, -2200, 6389, -99.020325, 0.000000
1258, 2, 10000, -2211, 6380, -99.514740, -4.314584
1259, 1, 10000, -2222, 6371, -100.009155, -8.629168
1260, 1, 10000, -2222, 6371, -100.009155, 0.000000
1262, 2, 10000, -2235, 6360, -100.613441, -5.273381
1264, 2, 10000, -2239, 6357, -100.778244, -1.438195
1268, 4, 10000, -2241, 6355, -100.888115, -0.479398
1270, 2, 10000, -2241, 6355, -100.888115, 0.000000
1272, 2, 10000, -2239, 6357, -100.778244, 0.958796
1273, 1, 10000, -2238, 6358, -100.723312, 0.958796
1275, 2, 10000, -2234, 6361, -100.558502, 1.438195
1277, 2, 10000, -2232, 6363, -100.448639, 0.958796
1279, 2, 10000, -2228, 6366, -100.283829, 1.438195
1281, 2, 10000, -2226, 6368, -100.173958, 0.958796
1282, 1, 10000, -2222, 6371, -100.009155, 2.876390
1284, 2, 10000, -2221, 6372, -99.954224, 0.479398
1286, 2, 10000, -2221, 6372, -99.954224, 0.000000
1288, 2, 10000, -2221, 6372, -99.954224, 0.000000
1290, 2, 10000, -2218, 6374, -99.844353, 0.958796
1291, 1, 10000, -2218, 6374, -99.844353, 0.000000
1293, 2, 10000, -2217, 6375, -99.789413, 0.479398
1295, 2, 10000, -2215, 6377, -99.679543, 0.958796
1297, 2, 10000, -2213, 6378, -99.624611, 0.479398
1299, 2, 10000, -2210, 6381, -99.459808, 1.438195
1305, 6, 10000, -2195, 6393, -98.800583, 1.917593
1307, 2, 10000, -2189, 6398, -98.525909, 2.396991
1309, 2, 10000, -2182, 6404, -98.196304, 2.876390
1311, 2, 10000, -2174, 6410, -97.866692, 2.876390
1312, 1, 10000, -2167, 6416, -97.537079, 5.752779
1314, 2, 10000, -2157, 6424, -97.097603, 3.835186
1316, 2, 10000, -2150, 6430, -96.767990, 2.876390
1321, 5, 10000, -2135, 6442, -96.108772, 2.301111
1323, 2, 10000, -2125, 6450, -95.669289, 3.835186
1325, 2, 10000, -2118, 6456, -95.339684, 2.876390
1326, 1, 10000, -2111, 6462, -95.010071, 5.752779
1328, 2, 10000, -2101, 6470, -94.570595, 3.835186
1330, 2, 10000, -2093, 6477, -94.186043, 3.355788
1332, 2, 10000, -2085, 6483, -93.856438, 2.876390
1334, 2, 10000, -2085, 6483, -93.856438, 0.000000
1335, 1, 10000, -2075, 6491, -93.416954, 7.670372
1337, 2, 10000, -2066, 6499, -92.977478, 3.835186
1339, 2, 10000, -2057, 6506, -92.592934, 3.355788
1341, 2, 10000, -2046, 6515, -92.098518, 4.314584
1343, 2, 10000, -2034, 6525, -91.549164, 4.793983
1344, 1, 10000, -2025, 6532, -91.164619, 6.711576
1346, 2, 10000, -2012, 6543, -90.560333, 5.273381
1348, 2, 10000, -2001, 6552, -90.065926, 4.314584
1350, 2, 10000, -2001, 6552, -90.065926, 0.000000
1352, 2, 10000, -1988, 6563, -89.461639, 5.273381
1353, 1, 10000, -1977, 6572, -88.967224, 8.629168
1355, 2, 10000, -1964, 6582, -88.417870, 4.793983
1358, 3, 10000, -1952, 6592, -87.868523, 3.195988
1359, 1, 10000, -1940, 6602, -87.319176, 9.587965
1361, 2, 10000, -1929, 6611, -86.824760, 4.314584
1363, 2, 10000, -1917, 6621, -86.275406, 4.793983
1364, 1, 10000, -1905, 6631, -85.726059, 9.587965
1366, 2, 10000, -1891, 6642, -85.121773, 5.273381
1368, 2, 10000, -1879, 6652, -84.572426, 4.793983
1370, 2, 10000, -1865, 6663, -83.968140, 5.273381
1372, 2, 10000, -1852, 6674, -83.363853, 5.273381
1374, 2, 10000, -1852, 6674, -83.363853, 0.000000
1376, 2, 10000, -1840, 6684, -82.814507, 4.793983
1378, 2, 10000, -1826, 6695, -82.210220, 5.273381
1380, 2, 10000, -1813, 6706, -81.605934, 5.273381
1382, 2, 10000, -1798, 6718, -80.946716, 5.752779
1384, 2, 10000, -1785, 6729, -80.342430, 5.273381
1388, 4, 10000, -1756, 6753, -79.023987, 5.752779
1390, 2, 10000, -1742, 6764, -78.419701, 5.273381
1391, 1, 10000, -1728, 6776, -77.760483, 11.505558
1393, 2, 10000, -1713, 6788, -77.101265, 5.752779
1395, 2, 10000, -1698, 6800, -76.442047, 5.752779
1397, 2, 10000, -1685, 6811, -75.837761, 5.273381
1399, 2, 10000, -1670, 6823, -75.178535, 5.752779
1400, 1, 10000, -1655, 6835, -74.519318, 11.505558
1402, 2, 10000, -1640, 6848, -73.805161, 6.232177
1404, 2, 10000, -1625, 6860, -73.145943, 5.752779
1406, 2, 10000, -1625, 6860, -73.145943, 0.000000
1408, 2, 10000, -1609, 6873, -72.431786, 6.232177
1409, 1, 10000, -1592, 6887, -71.662697, 13.423151
1411, 2, 10000, -1577, 6899, -71.003479, 5.752779
1413, 2, 10000, -1560, 6913, -70.234390, 6.711576
1415, 2, 10000, -1546, 6925, -69.575172, 5.752779
1417, 2, 10000, -1531, 6937, -68.915947, 5.752779
1418, 1, 10000, -1514, 6951, -68.146858, 13.423151
1421, 3, 10000, -1514, 6951, -68.146858, 0.000000
1423, 2, 10000, -1482, 6977, -66.718552, 12.464354
1424, 1, 10000, -1465, 6991, -65.949463, 13.423151
1426, 2, 10000, -1449, 7004, -65.235306, 6.232177
1428, 2, 10000, -1433, 7017, -64.521149, 6.232177
1430, 2, 10000, -1415, 7032, -63.697124, 7.190974
1432, 2, 10000, -1400, 7044, -63.037907, 5.752779
1434, 2, 10000, -1383, 7058, -62.268814, 6.711576
1436, 2, 10000, -1366, 7072, -61.499725, 6.711576
1438, 2, 10000, -1366, 7072, -61.499725, 0.000000
1440, 2, 10000, -1348, 7087, -60.675701, 7.190974
1442, 2, 10000, -1332, 7100, -59.961544, 6.232177
1444, 2, 10000, -1315, 7114, -59.192455, 6.711576
1446, 2, 10000, -1297, 7129, -58.368431, 7.190974
1448, 2, 10000, -1281, 7142, -57.654274, 6.232177
1450, 2, 10000, -1265, 7155, -56.940121, 6.232177
1452, 2, 10000, -1248, 7169, -56.171032, 6.711576
1454, 2, 10000, -1231, 7183, -55.401939, 6.711576
1456, 2, 10000, -1215, 7196, -54.687786, 6.232177
1457, 1, 10000, -1198, 7210, -53.918697, 13.423151
1459, 2, 10000, -1181, 7224, -53.149605, 6.711576
1460, 1, 10000, -1162, 7239, -52.325581, 14.381948
1462, 2, 10000, -1145, 7253, -51.556492, 6.711576
1464, 2, 10000, -1127, 7268, -50.732468, 7.190974
1466, 2, 10000, -1109, 7283, -49.908443, 7.190974
1468, 2, 10000, -1091, 7297, -49.139351, 6.711576
1470, 2, 10000, -1073, 7312, -48.315327, 7.190974
1472, 2, 10000, -1056, 7326, -47.546238, 6.711576
1474, 2, 10000, -1038, 7341, -46.722214, 7.190974
1476, 2, 10000, -1019, 7356, -45.898186, 7.190974
1481, 5, 10000, -984, 7385, -44.305073, 5.561019
1483, 2, 10000, -965, 7401, -43.426113, 7.670372
1485, 2, 10000, -945, 7417, -42.547153, 7.670372
1487, 2, 10000, -925, 7433, -41.668194, 7.670372
1489, 2, 10000, -907, 7448, -40.844170, 7.190974
1490, 1, 10000, -889, 7463, -40.020142, 14.381948
1492, 2, 10000, -871, 7478, -39.196117, 7.190974
1494, 2, 10000, -851, 7494, -38.317158, 7.670372
1496, 2, 10000, -851, 7494, -38.317158, 0.000000
1498, 2, 10000, -833, 7509, -37.493134, 7.190974
1499, 1, 10000, -816, 7523, -36.724045, 13.423151
1501, 2, 10000, -797, 7538, -35.900017, 7.190974
1503, 2, 10000, -779, 7553, -35.075993, 7.190974
1505, 2, -10000, -761, 7568, -34.251968, 7.190974
1507, 2, -10000, -741, 7584, -33.373009, 7.670372
1508, 1, -10000, -723, 7599, -32.548985, 14.381948
1510, 2, -10000, -704, 7614, -31.724958, 7.190974
1512, 2, -10000, -686, 7629, -30.900934, 7.190974
1514, 2, -10000, -665, 7646, -29.967039, 8.149770
1516, 2, -10000, -647, 7661, -29.143015, 7.190974
1521, 5, -10000, -613, 7689, -27.604834, 5.369260
1523, 2, -10000, -602, 7698, -27.110420, 4.314584
1525, 2, -10000, -593, 7705, -26.725874, 3.355788
1527, 2, -10000, -585, 7712, -26.341330, 3.355788
1528, 1, -10000, -581, 7715, -26.176525, 2.876390
1530, 2, -10000, -578, 7718, -26.011719, 1.438195
1532, 2, -10000, -578, 7718, -26.011719, 0.000000
1533, 1, -10000, -574, 7721, -25.846914, 2.876390
1535, 2, -10000, -574, 7721, -25.846914, 0.000000
1537, 2, -10000, -573, 7722, -25.791979, 0.479398
1538, 1, -10000, -567, 7727, -25.517305, 4.793983
1540, 2, -10000, -562, 7731, -25.297565, 1.917593
1542, 2, -10000, -554, 7737, -24.967955, 2.876390
1544, 2, -10000, -545, 7745, -24.528475, 3.835186
1546, 2, -10000, -545, 7745, -24.528475, 0.000000
1547, 1, -10000, -534, 7754, -24.034060, 8.629168
1549, 2, -10000, -520, 7765, -23.429775, 5.273381
1551, 2, -10000, -507, 7776, -22.825489, 5.273381
1553, 2, -10000, -495, 7786, -22.276140, 4.793983
1555, 2, -10000, -481, 7797, -21.671854, 5.273381
1557, 2, -10000, -470, 7806, -21.177441, 4.314584
1559, 2, -10000, -459, 7815, -20.683025, 4.314584
1561, 2, -10000, -452, 7821, -20.353415, 2.876390
1563, 2, -10000, -444, 7827, -20.023806, 2.876390
1565, 2, -10000, -438, 7832, -19.749130, 2.396991
1567, 2, -10000, -437, 7833, -19.694195, 0.479398
1568, 1, -10000, -435, 7835, -19.584326, 1.917593
1570, 2, -10000, -435, 7835, -19.584326, 0.000000
1572, 2, -10000, -437, 7833, -19.694195, -0.958796
1574, 2, -10000, -438, 7832, -19.749130, -0.479398
1576, 2, -10000, -441, 7830, -19.858999, -0.958796
1578, 2, -10000, -444, 7827, -20.023806, -1.438195
1580, 2, -10000, -446, 7826, -20.078741, -0.479398
1582, 2, -10000, -446, 7826, -20.078741, 0.000000
1584, 2, -10000, -448, 7824, -20.188610, -0.958796
1588, 4, -10000, -453, 7820, -20.408350, -0.958796
1590, 2, -10000, -453, 7820, -20.408350, 0.000000
1591, 1, -10000, -455, 7818, -20.518221, -1.917593
1593, 2, -10000, -457, 7817, -20.573154, -0.479398
1595, 2, -10000, -459, 7815, -20.683025, -0.958796
1597, 2, -10000, -459, 7815, -20.683025, 0.000000
1599, 2, -10000, -464, 7811, -20.902765, -1.917593
1600, 1, -10000, -468, 7808, -21.067570, -2.876390
1602, 2, -10000, -474, 7803, -21.342245, -2.396991
1604, 2, -10000, -477, 7800, -21.507050, -1.438195
1606, 2, -10000, -484, 7795, -21.781725, -2.396991
1608, 2, -10000, -484, 7795, -21.781725, 0.000000
1609, 1, -10000, -488, 7791, -22.001465, -3.835186
1611, 2, -10000, -496, 7785, -22.331076, -2.876390
1613, 2, -10000, -503, 7779, -22.660685, -2.876390
1615, 2, -10000, -512, 7772, -23.045229, -3.355788
1617, 2, -10000, -519, 7766, -23.374840, -2.876390
1618, 1, -10000, -527, 7759, -23.759384, -6.711576
1620, 2, -10000, -535, 7753, -24.088995, -2.876390
1622, 2, -10000, -545, 7745, -24.528475, -3.835186
1624, 2, -10000, -552, 7739, -24.858084, -2.876390
1626, 2, -10000, -562, 7731, -25.297565, -3.835186
1628, 2, -10000, -569, 7725, -25.627174, -2.876390
1630, 2, -10000, -578, 7718, -26.011719, -3.355788
1632, 2, -10000, -587, 7710, -26.451199, -3.835186
1634, 2, -10000, -597, 7702, -26.890680, -3.835186
1636, 2, -10000, -604, 7696, -27.220289, -2.876390
1638, 2, -10000, -615, 7687, -27.714705, -4.314584
1640, 2, -10000, -624, 7680, -28.099249, -3.355788
1642, 2, -10000, -624, 7680, -28.099249, 0.000000
1644, 2, -10000, -636, 7670, -28.648600, -4.793983
1645, 1, -10000, -647, 7661, -29.143015, -8.629168
1647, 2, -10000, -656, 7654, -29.527559, -3.355788
1649, 2, -10000, -668, 7644, -30.076908, -4.793983
1651, 2, -10000, -679, 7635, -30.571323, -4.314584
1655, 4, -10000, -702, 7616, -31.615089, -4.554283
1657, 2, -10000, -715, 7605, -32.219376, -5.273381
1658, 1, -10000, -726, 7596, -32.713787, -8.629168
1660, 2, -10000, -737, 7587, -33.208202, -4.314584
1662, 2, -10000, -751, 7576, -33.812489, -5.273381
1664, 2, -10000, -764, 7565, -34.416775, -5.273381
1666, 2, -10000, -764, 7565, -34.416775, 0.000000
1667, 1, -10000, -775, 7556, -34.911190, -8.629168
1669, 2, -10000, -789, 7545, -35.515472, -5.273381
1671, 2, -10000, -800, 7536, -36.009888, -4.314584
1673, 2, -10000, -812, 7526, -36.559238, -4.793983
1675, 2, -10000, -825, 7515, -37.163525, -5.273381
1677, 2, -10000, -839, 7504, -37.767807, -5.273381
1681, 4, -10000, -864, 7483, -38.921444, -5.033681
1682, 1, -10000, -878, 7472, -39.525726, -10.546762
1684, 2, -10000, -890, 7462, -40.075077, -4.793983
1686, 2, -10000, -906, 7449, -40.789234, -6.232177
1688, 2, -10000, -906, 7449, -40.789234, 0.000000
1690, 2, -10000, -921, 7437, -41.448452, -5.752779
1691, 1, -10000, -933, 7427, -41.997803, -9.587965
1693, 2, -10000, -949, 7414, -42.711956, -6.232177
1695, 2, -10000, -961, 7404, -43.261307, -4.793983
1697, 2, -10000, -978, 7390, -44.030396, -6.711576
1699, 2, -10000, -991, 7379, -44.634682, -5.273381
1700, 1, -10000, -1006, 7367, -45.293903, -11.505558
1702, 2, -10000, -1021, 7355, -45.953121, -5.752779
1704, 2, -10000, -1035, 7343, -46.612343, -5.752779
1706, 2, -10000, -1050, 7331, -47.271561, -5.752779
1708, 2, -10000, -1050, 7331, -47.271561, 0.000000
1709, 1, -10000, -1066, 7318, -47.985718, -12.464354
1711, 2, -10000, -1080, 7306, -48.644936, -5.752779
1713, 2, -10000, -1098, 7292, -49.414028, -6.711576
1715, 2, -10000, -1112, 7280, -50.073246, -5.752779
1717, 2, -10000, -1128, 7267, -50.787403, -6.232177
1718, 1, -10000, -1144, 7254, -51.501556, -12.464354
1720, 2, -10000, -1159, 7242, -52.160778, -5.752779
1722, 2, -10000, -1176, 7228, -52.929867, -6.711576
1724, 2, -10000, -1176, 7228, -52.929867, 0.000000
1726, 2, -10000, -1190, 7216, -53.589085, -5.752779
1727, 1, -10000, -1206, 7203, -54.303242, -12.464354
1729, 2, -10000, -1222, 7190, -55.017395, -6.232177
1731, 2, -10000, -1237, 7178, -55.676617, -5.752779
1737, 6, -10000, -1284, 7139, -57.819080, -6.232177
1739, 2, -10000, -1284, 7139, -57.819080, 0.000000
1740, 1, -10000, -1301, 7125, -58.588169, -13.423151
1742, 2, -10000, -1333, 7099, -60.016479, -12.464354
1743, 1, -10000, -1333, 7099, -60.016479, 0.000000
1745, 2, -10000, -1352, 7084, -60.840504, -7.190974
1747, 2, -10000, -1369, 7070, -61.609596, -6.711576
1749, 2, -10000, -1386, 7056, -62.378685, -6.711576
1751, 2, -10000, -1402, 7043, -63.092838, -6.232177
1752, 1, -10000, -1402, 7043, -63.092838, 0.000000
1754, 2, -10000, -1421, 7027, -63.971802, -7.670372
1756, 2, -10000, -1437, 7014, -64.685951, -6.232177
1758, 2, -10000, -1454, 7000, -65.455048, -6.711576
1760, 2, -10000, -1471, 6986, -66.224136, -6.711576
1762, 2, -10000, -1488, 6972, -66.993225, -6.711576
1763, 1, -10000, -1504, 6959, -67.707382, -12.464354
1765, 2, -10000, -1522, 6944, -68.531403, -7.190974
1767, 2, -10000, -1540, 6930, -69.300491, -6.711576
1769, 2, -10000, -1557, 6916, -70.069588, -6.711576
1771, 2, -10000, -1575, 6901, -70.893608, -7.190974
1773, 2, -10000, -1592, 6887, -71.662697, -6.711576
1775, 2, -10000, -1609, 6873, -72.431786, -6.711576
1777, 2, -10000, -1627, 6858, -73.255814, -7.190974
1779, 2, -10000, -1646, 6843, -74.079842, -7.190974
1781, 2, -10000, -1663, 6829, -74.848930, -6.711576
1783, 2, -10000, -1679, 6816, -75.563087, -6.232177
1788, 5, -10000, -1714, 6787, -77.156197, -5.561019
1789, 1, -10000, -1731, 6773, -77.925285, -13.423151
1791, 2, -10000, -1749, 6758, -78.749313, -7.190974
1793, 2, -10000, -1767, 6744, -79.518402, -6.711576
1795, 2, -10000, -1785, 6729, -80.342430, -7.190974
1797, 2, -10000, -1804, 6713, -81.221390, -7.670372
1798, 1, -10000, -1823, 6698, -82.045410, -14.381948
1800, 2, -10000, -1841, 6683, -82.869438, -7.190974
1802, 2, -10000, -1859, 6668, -83.693466, -7.190974
1804, 2, -10000, -1879, 6652, -84.572426, -7.670372
1806, 2, -10000, -1879, 6652, -84.572426, 0.000000
1807, 1, 0, -1897, 6637, -85.396446, -14.381948
1809, 2, 0, -1916, 6622, -86.220474, -7.190974
1814, 5, 0, -1972, 6576, -88.747482, -8.820928
1816, 2, 0, -1972, 6576, -88.747482, 0.000000
1818, 2, 0, -1990, 6561, -89.571510, -7.190974
1819, 1, 0, -2008, 6546, -90.395531, -14.381948
1821, 2, 0, -2025, 6532, -91.164619, -6.711576
1823, 2, 0, -2040, 6520, -91.823845, -5.752779
1825, 2, 0, -2053, 6509, -92.428123, -5.273381
1827, 2, 0, -2064, 6500, -92.922539, -4.314584
1828, 1, 0, -2075, 6491, -93.416954, -8.629168
1830, 2, 0, -2085, 6483, -93.856438, -3.835186
1832, 2, 0, -2094, 6476, -94.240982, -3.355788
1834, 2, 0, -2094, 6476, -94.240982, 0.000000
1836, 2, 0, -2104, 6468, -94.680458, -3.835186
1837, 1, 0, -2112, 6461, -95.065010, -6.711576
1839, 2, 0, -2122, 6453, -95.504486, -3.835186
1841, 2, 0, -2132, 6445, -95.943970, -3.835186
1843, 2, 0, -2143, 6436, -96.438385, -4.314584
1849, 6, 0, -2182, 6404, -98.196304, -5.113581
1852, 3, 0, -2182, 6404, -98.196304, 0.000000
1853, 1, 0, -2211, 6380, -99.514740, -23.011116
1855, 2, 0, -2211, 6380, -99.514740, 0.000000
1857, 2, 0, -2226, 6368, -100.173958, -5.752779
1859, 2, 0, -2256, 6343, -101.547333, -11.984956
1861, 2, 0, -2271, 6331, -102.206558, -5.752779
1862, 1, 0, -2284, 6320, -102.810837, -10.546762
1864, 2, 0, -2296, 6310, -103.360191, -4.793983
1866, 2, 0, -2307, 6301, -103.854607, -4.314584
1868, 2, 0, -2307, 6301, -103.854607, 0.000000
1870, 2, 0, -2320, 6291, -104.403954, -4.793983
1871, 1, 0, -2328, 6284, -104.788498, -6.711576
1873, 2, 0, -2338, 6276, -105.227982, -3.835186
1875, 2, 0, -2345, 6270, -105.557587, -2.876390
1877, 2, 0, -2353, 6264, -105.887199, -2.876390
1881, 4, 0, -2366, 6253, -106.491486, -2.636690
1882, 1, 0, -2371, 6249, -106.711227, -3.835186
1884, 2, 0, -2378, 6243, -107.040833, -2.876390
1886, 2, 0, -2378, 6243, -107.040833, 0.000000
1888, 2, 0, -2384, 6238, -107.315514, -2.396991
1889, 1, 0, -2388, 6235, -107.480316, -2.876390
1891, 2, 0, -2394, 6230, -107.754990, -2.396991
1893, 2, 0, -2399, 6226, -107.974731, -1.917593
1895, 2, 0, -2405, 6221, -108.249405, -2.396991
1897, 2, 0, -2412, 6215, -108.579018, -2.876390
1898, 1, 0, -2417, 6211, -108.798752, -3.835186
1900, 2, 0, -2423, 6206, -109.073433, -2.396991
1902, 2, 0, -2431, 6200, -109.403038, -2.876390
1904, 2, 0, -2431, 6200, -109.403038, 0.000000
1906, 2, 0, -2434, 6197, -109.567848, -1.438195
1907, 1, 0, -2442, 6191, -109.897453, -5.752779
1909, 2, 0, -2445, 6188, -110.062256, -1.438195
1911, 2, 0, -2451, 6183, -110.336937, -2.396991
1913, 2, 0, -2455, 6180, -110.501740, -1.438195
1915, 2, 0, -2460, 6176, -110.721481, -1.917593
1917, 2, 0, -2464, 6173, -110.886284, -1.438195
1919, 2, 0, -2469, 6169, -111.106026, -1.917593
1921, 2, 0, -2470, 6168, -111.160957, -0.479398
1923, 2, 0, -2472, 6166, -111.270828, -0.958796
1925, 2, 0, -2476, 6163, -111.435631, -1.438195
1927, 2, 0, -2477, 6162, -111.490570, -0.479398
1929, 2, 0, -2480, 6160, -111.600441, -0.958796
1931, 2, 0, -2481, 6159, -111.655373, -0.479398
1933, 2, 0, -2483, 6157, -111.765244, -0.958796
1935, 2, 0, -2484, 6156, -111.820183, -0.479398
1936, 1, 0, -2487, 6154, -111.930046, -1.917593
1938, 2, 0, -2488, 6153, -111.984985, -0.479398
1940, 2, 0, -2490, 6151, -112.094856, -0.958796
1942, 2, 0, -2492, 6150, -112.149788, -0.479398
1947, 5, 0, -2494, 6148, -112.259659, -0.383519
1949, 2, 0, -2494, 6148, -112.259659, 0.000000
1952, 3, 0, -2495, 6147, -112.314598, -0.319599
1953, 1, 0, -2498, 6145, -112.424461, -1.917593
1955, 2, 0, -2498, 6145, -112.424461, 0.000000
1961, 6, 0, -2498, 6145, -112.424461, 0.000000
1963, 2, 0, -2498, 6145, -112.424461, 0.000000
1965, 2, 0, -2498, 6145, -112.424461, 0.000000
1967, 2, 0, -2498, 6145, -112.424461, 0.000000
1969, 2, 0, -2498, 6145, -112.424461, 0.000000
1970, 1, 0, -2498, 6145, -112.424461, 0.000000
1972, 2, 0, -2498, 6145, -112.424461, 0.000000
1974, 2, 0, -2498, 6145, -112.424461, 0.000000
1976, 2, 0, -2498, 6145, -112.424461, 0.000000
1978, 2, 0, -2498, 6145, -112.424461, 0.000000
1979, 1, 0, -2498, 6145, -112.424461, 0.000000
1981, 2, 0, -2498, 6145, -112.424461, 0.000000
1983, 2, 0, -2498, 6145, -112.424461, 0.000000
1985, 2, 0, -2498, 6145, -112.424461, 0.000000
1987, 2, 0, -2498, 6145, -112.424461, 0.000000
1989, 2, 0, -2498, 6145, -112.424461, 0.000000
1991, 2, 0, -2498, 6145, -112.424461, 0.000000
1993, 2, 0, -2498, 6145, -112.424461, 0.000000
1995, 2, 0, -2498, 6145, -112.424461, 0.000000
1997, 2, 0, -2498, 6145, -112.424461, 0.000000
1999, 2, 0, -2498, 6145, -112.424461, 0.000000
2001, 2, 0, -2498, 6145, -112.424461, 0.000000
2003, 2, 0, -2498, 6145, -112.424461, 0.000000
2005, 2, 0, -2498, 6145, -112.424461, 0.000000
2007, 2, 0, -2498, 6145, -112.424461, 0.000000
2009, 2, 0, -2498, 6145, -112.424461, 0.000000
2011, 2, 0, -2498, 6145, -112.424461, 0.000000
2013, 2, 0, -2498, 6145, -112.424461, 0.000000
2015, 2, 0, -2498, 6145, -112.424461, 0.000000
2017, 2, 0, -2498, 6145, -112.424461, 0.000000
2019, 2, 0, -2498, 6145, -112.424461, 0.000000
2021, 2, 0, -2498, 6145, -112.424461, 0.000000
2023, 2, 0, -2498, 6145, -112.424461, 0.000000
2025, 2, 0, -2498, 6145, -112.424461, 0.000000
2027, 2, 0, -2498, 6145, -112.424461, 0.000000
2029, 2, 0, -2495, 6147, -112.314598, 0.958796
2030, 1, 0, -2495, 6147, -112.314598, 0.000000
2032, 2, 0, -2495, 6147, -112.314598, 0.000000
2034, 2, 0, -2495, 6147, -112.314598, 0.000000
2036, 2, 0, -2495, 6147, -112.314598, 0.000000
2038, 2, 0, -2495, 6147, -112.314598, 0.000000
2040, 2, 0, -2495, 6147, -112.314598, 0.000000
2042, 2, 0, -2495, 6147, -112.314598, 0.000000
2044, 2, 0, -2495, 6147, -112.314598, 0.000000
2046, 2, 0, -2495, 6147, -112.314598, 0.000000
2048, 2, 0, -2495, 6147, -112.314598, 0.000000
2052, 4, 0, -2495, 6147, -112.314598, 0.000000
2054, 2, 0, -2495, 6147, -112.314598, 0.000000
2056, 2, 0, -2495, 6147, -112.314598, 0.000000
2057, 1, 0, -2495, 6147, -112.314598, 0.000000
2059, 2, 0, -2495, 6147, -112.314598, 0.000000
2061, 2, 0, -2495, 6147, -112.314598, 0.000000
2063, 2, 0, -2495, 6147, -112.314598, 0.000000
2068, 5, 0, -2495, 6147, -112.314598, 0.000000
2070, 2, 0, -2495, 6147, -112.314598, 0.000000
2071, 1, 0, -2495, 6147, -112.314598, 0.000000
2073, 2, 0, -2495, 6147, -112.314598, 0.000000
2075, 2, 0, -2495, 6147, -112.314598, 0.000000
2077, 2, 0, -2495, 6147, -112.314598, 0.000000
2079, 2, 0, -2495, 6147, -112.314598, 0.000000
2081, 2, 0, -2495, 6147, -112.314598, 0.000000
2083, 2, 0, -2495, 6147, -112.314598, 0.000000
2084, 1, 0, -2495, 6147, -112.314598, 0.000000
2086, 2, 0, -2495, 6147, -112.314598, 0.000000
2088, 2, 0, -2495, 6147, -112.314598, 0.000000
2090, 2, 0, -2495, 6147, -112.314598, 0.000000
2092, 2, 0, -2495, 6147, -112.314598, 0.000000
2093, 1, 0, -2495, 6147, -112.314598, 0.000000
2095, 2, 0, -2495, 6147, -112.314598, 0.000000
2097, 2, 0, -2495, 6147, -112.314598, 0.000000
2099, 2, 0, -2495, 6147, -112.314598, 0.000000
2100, 1, 0, -2495, 6147, -112.314598, 0.000000
2102, 2, 0, -2495, 6147, -112.314598, 0.000000
2107, 5, 0, -2495, 6147, -112.314598, 0.000000
2109, 2, 0, -2495, 6147, -112.314598, 0.000000
2111, 2, 0, -2495, 6147, -112.314598, 0.000000
2113, 2, 0, -2495, 6147, -112.314598, 0.000000
2114, 1, 0, -2495, 6147, -112.314598, 0.000000
2116, 2, 0, -2495, 6147, -112.314598, 0.000000
2118, 2, 0, -2495, 6147, -112.314598, 0.000000
2120, 2, 0, -2495, 6147, -112.314598, 0.000000
2122, 2, 0, -2495, 6147, -112.314598, 0.000000
2123, 1, 0, -2495, 6147, -112.314598, 0.000000
2125, 2, 0, -2495, 6147, -112.314598, 0.000000
2127, 2, 0, -2495, 6147, -112.314598, 0.000000
2129, 2, 0, -2495, 6147, -112.314598, 0.000000
2131, 2, 0, -2495, 6147, -112.314598, 0.000000
2132, 1, 0, -2495, 6147, -112.314598, 0.000000
2134, 2, 0, -2495, 6147, -112.314598, 0.000000
2136, 2, 0, -2495, 6147, -112.314598, 0.000000
2138, 2, 0, -2495, 6147, -112.314598, 0.000000
2140, 2, 0, -2495, 6147, -112.314598, 0.000000
2141, 1, 0, -2495, 6147, -112.314598, 0.000000
2143, 2, 0, -2495, 6147, -112.314598, 0.000000
2145, 2, 0, -2495, 6147, -112.314598, 0.000000
2147, 2, 0, -2495, 6147, -112.314598, 0.000000
2149, 2, 0, -2495, 6147, -112.314598, 0.000000
2150, 1, 0, -2495, 6147, -112.314598, 0.000000
2152, 2, 0, -2495, 6147, -112.314598, 0.000000
2154, 2, 0, -2495, 6147, -112.314598, 0.000000
2155, 1, 0, -2495, 6147, -112.314598, 0.000000
2157, 2, 0, -2495, 6147, -112.314598, 0.000000
2159, 2, 0, -2495, 6147, -112.314598, 0.000000
2161, 2, 0, -2495, 6147, -112.314598, 0.000000
2163, 2, 0, -2495, 6147, -112.314598, 0.000000
2165, 2, 0, -2495, 6147, -112.314598, 0.000000
2167, 2, 0, -2495, 6147, -112.314598, 0.000000
2169, 2, 0, -2495, 6147, -112.314598, 0.000000
2171, 2, 0, -2495, 6147, -112.314598, 0.000000
2173, 2, 0, -2495, 6147, -112.314598, 0.000000
2175, 2, 0, -2495, 6147, -112.314598, 0.000000
2177, 2, 0, -2495, 6147, -112.314598, 0.000000
2179, 2, 0, -2495, 6147, -112.314598, 0.000000
2185, 6, 0, -2495, 6147, -112.314598, 0.000000
2187, 2, 0, -2495, 6147, -112.314598, 0.000000
2189, 2, 0, -2495, 6147, -112.314598, 0.000000
2191, 2, 0, -2495, 6147, -112.314598, 0.000000
2193, 2, 0, -2495, 6147, -112.314598, 0.000000
2195, 2, 0, -2495, 6147, -112.314598, 0.000000
2197, 2, 0, -2495, 6147, -112.314598, 0.000000
2201, 4, 0, -2495, 6147, -112.314598, 0.000000
2202, 1, 0, -2495, 6147, -112.314598, 0.000000
2204, 2, 0, -2495, 6147, -112.314598, 0.000000
2206, 2, 0, -2495, 6147, -112.314598, 0.000000
2208, 2, 0, -2495, 6147, -112.314598, 0.000000
2210, 2, 0, -2495, 6147, -112.314598, 0.000000
2211, 1, 0, -2495, 6147, -112.314598, 0.000000
2213, 2, 0, -2495, 6147, -112.314598, 0.000000
2215, 2, 0, -2495, 6147, -112.314598, 0.000000
2217, 2, 0, -2495, 6147, -112.314598, 0.000000
2219, 2, 0, -2495, 6147, -112.314598, 0.000000
2220, 1, 0, -2495, 6147, -112.314598, 0.000000
2222, 2, 0, -2495, 6147, -112.314598, 0.000000
2224, 2, 0, -2495, 6147, -112.314598, 0.000000
2226, 2, 0, -2495, 6147, -112.314598, 0.000000
2228, 2, 0, -2495, 6147, -112.314598, 0.000000
2229, 1, 0, -2495, 6147, -112.314598, 0.000000
2231, 2, 0, -2495, 6147, -112.314598, 0.000000
2233, 2, 0, -2495, 6147, -112.314598, 0.000000
2235, 2, 0, -2495, 6147, -112.314598, 0.000000
2237, 2, 0, -2495, 6147, -112.314598, 0.000000
2241, 4, 0, -2495, 6147, -112.314598, 0.000000
2242, 1, 0, -2495, 6147, -112.314598, 0.000000
2244, 2, 0, -2495, 6147, -112.314598, 0.000000
2246, 2, 0, -2495, 6147, -112.314598, 0.000000
2248, 2, 0, -2495, 6147, -112.314598, 0.000000
2250, 2, 0, -2495, 6147, -112.314598, 0.000000
2251, 1, 0, -2495, 6147, -112.314598, 0.000000
2253, 2, 0, -2495, 6147, -112.314598, 0.000000
2255, 2, 0, -2495, 6147, -112.314598, 0.000000
2257, 2, 0, -2495, 6147, -112.314598, 0.000000
2259, 2, 0, -2495, 6147, -112.314598, 0.000000
2260, 1, 0, -2495, 6147, -112.314598, 0.000000
2262, 2, 0, -2495, 6147, -112.314598, 0.000000
2264, 2, 0, -2495, 6147, -112.314598, 0.000000
2266, 2, 0, -2495, 6147, -112.314598, 0.000000
2268, 2, 0, -2495, 6147, -112.314598, 0.000000
2269, 1, 0, -2495, 6147, -112.314598, 0.000000
2271, 2, 0, -2495, 6147, -112.314598, 0.000000
2273, 2, 0, -2495, 6147, -112.314598, 0.000000
2275, 2, 0, -2495, 6147, -112.314598, 0.000000
2277, 2, 0, -2495, 6147, -112.314598, 0.000000
2278, 1, 0, -2495, 6147, -112.314598, 0.000000
2280, 2, 0, -2495, 6147, -112.314598, 0.000000
2282, 2, 0, -2495, 6147, -112.314598, 0.000000
2284, 2, 0, -2495, 6147, -112.314598, 0.000000
2286, 2, 0, -2495, 6147, -112.314598, 0.000000
2287, 1, 0, -2495, 6147, -112.314598, 0.000000
2289, 2, 0, -2495, 6147, -112.314598, 0.000000
2291, 2, 0, -2495, 6147, -112.314598, 0.000000
2293, 2, 0, -2495, 6147, -112.314598, 0.000000
2294, 1, 0, -2495, 6147, -112.314598, 0.000000
2296, 2, 0, -2495, 6147, -112.314598, 0.000000
2298, 2, 0, -2495, 6147, -112.314598, 0.000000
2300, 2, 0, -2495, 6147, -112.314598, 0.000000
2302, 2, 0, -2495, 6147, -112.314598, 0.000000
2304, 2, 0, -2495, 6147, -112.314598, 0.000000
2306, 2, 0, -2495, 6147, -112.314598, 0.000000
2308, 2, 0, -2495, 6147, -112.314598, 0.000000
2310, 2, 0, -2495, 6147, -112.314598, 0.000000
2312, 2, 0, -2495, 6147, -112.314598, 0.000000
2315, 3, 0, -2495, 6147, -112.314598, 0.000000
2318, 3, 0, -2495, 6147, -112.314598, 0.000000
2319, 1, 0, -2495, 6147, -112.314598, 0.000000
2321, 2, 0, -2495, 6147, -112.314598, 0.000000
2323, 2, 0, -2495, 6147, -112.314598, 0.000000
2325, 2, 0, -2495, 6147, -112.314598, 0.000000
2327, 2, 0, -2495, 6147, -112.314598, 0.000000
2328, 1, 0, -2495, 6147, -112.314598, 0.000000
2330, 2, 0, -2495, 6147, -112.314598, 0.000000
2332, 2, 0, -2495, 6147, -112.314598, 0.000000
2334, 2, 0, -2495, 6147, -112.314598, 0.000000
2336, 2, 0, -2495, 6147, -112.314598, 0.000000
2338, 2, 0, -2495, 6147, -112.314598, 0.000000
2340, 2, 0, -2495, 6147, -112.314598, 0.000000
2342, 2, 0, -2495, 6147, -112.314598, 0.000000
2344, 2, 0, -2495, 6147, -112.314598, 0.000000
2346, 2, 0, -2495, 6147, -112.314598, 0.000000
2348, 2, 0, -2495, 6147, -112.314598, 0.000000
2350, 2, 0, -2495, 6147, -112.314598, 0.000000
2352, 2, 0, -2495, 6147, -112.314598, 0.000000
2354, 2, 0, -2495, 6147, -112.314598, 0.000000
2356, 2, 0, -2495, 6147, -112.314598, 0.000000
2358, 2, 0, -2495, 6147, -112.314598, 0.000000
2360, 2, 0, -2495, 6147, -112.314598, 0.000000
2362, 2, 0, -2495, 6147, -112.314598, 0.000000
2364, 2, 0, -2495, 6147, -112.314598, 0.000000
2366, 2, 0, -2495, 6147, -112.314598, 0.000000
2368, 2, 0, -2495, 6147, -112.314598, 0.000000
2370, 2, 0, -2495, 6147, -112.314598, 0.000000
2372, 2, 0, -2495, 6147, -112.314598, 0.000000
2374, 2, 0, -2495, 6147, -112.314598, 0.000000
2376, 2, 0, -2495, 6147, -112.314598, 0.000000
2378, 2, 0, -2495, 6147, -112.314598, 0.000000
2380, 2, 0, -2495, 6147, -112.314598, 0.000000
2382, 2, 0, -2495, 6147, -112.314598, 0.000000
2384, 2, 0, -2495, 6147, -112.314598, 0.000000
2388, 4, 0, -2495, 6147, -112.314598, 0.000000
2390, 2, 0, -2495, 6147, -112.314598, 0.000000
2391, 1, 0, -2495, 6147, -112.314598, 0.000000
2393, 2, 0, -2495, 6147, -112.314598, 0.000000
2395, 2, 0, -2495, 6147, -112.314598, 0.000000
2397, 2, 0, -2495, 6147, -112.314598, 0.000000
2399, 2, 0, -2495, 6147, -112.314598, 0.000000
2400, 1, 0, -2495, 6147, -112.314598, 0.000000
2402, 2, 0, -2495, 6147, -112.314598, 0.000000
2404, 2, 0, -2495, 6147, -112.314598, 0.000000
2406, 2, 0, -2495, 6147, -112.314598, 0.000000
2408, 2, 0, -2495, 6147, -112.314598, 0.000000
2409, 1, 0, -2495, 6147, -112.314598, 0.000000
2411, 2, 0, -2495, 6147, -112.314598, 0.000000
2412, 1, 0, -2495, 6147, -112.314598, 0.000000
2415, 3, 0, -2495, 6147, -112.314598, 0.000000
2416, 1, 0, -2495, 6147, -112.314598, 0.000000
2418, 2, 0, -2495, 6147, -112.314598, 0.000000
2420, 2, 0, -2495, 6147, -112.314598, 0.000000
2422, 2, 0, -2495, 6147, -112.314598, 0.000000
2424, 2, 0, -2495, 6147, -112.314598, 0.000000
2427, 3, 0, -2495, 6147, -112.314598, 0.000000
2429, 2, 0, -2495, 6147, -112.314598, 0.000000
2431, 2, 0, -2495, 6147, -112.314598, 0.000000
2433, 2, 0, -2495, 6147, -112.314598, 0.000000
2435, 2, 0, -2495, 6147, -112.314598, 0.000000
2436, 1, 0, -2495, 6147, -112.314598, 0.000000
2438, 2, 0, -2495, 6147, -112.314598, 0.000000
2440, 2, 0, -2495, 6147, -112.314598, 0.000000
2442, 2, 0, -2495, 6147, -112.314598, 0.000000
2444, 2, 0, -2495, 6147, -112.314598, 0.000000
2445, 1, 0, -2495, 6147, -112.314598, 0.000000
2447, 2, 0, -2495, 6147, -112.314598, 0.000000
2450, 3, 0, -2495, 6147, -112.314598, 0.000000
2452, 2, 0, -2495, 6147, -112.314598, 0.000000
2453, 1, 0, -2495, 6147, -112.314598, 0.000000
2455, 2, 0, -2495, 6147, -112.314598, 0.000000
2457, 2, 0, -2495, 6147, -112.314598, 0.000000
2459, 2, 0, -2495, 6147, -112.314598, 0.000000
2461, 2, 0, -2495, 6147, -112.314598, 0.000000
2462, 1, 0, -2495, 6147, -112.314598, 0.000000
2464, 2, 0, -2495, 6147, -112.314598, 0.000000
2466, 2, 0, -2495, 6147, -112.314598, 0.000000
2468, 2, 0, -2495, 6147, -112.314598, 0.000000
2470, 2, 0, -2495, 6147, -112.314598, 0.000000
2471, 1, 0, -2495, 6147, -112.314598, 0.000000
2473, 2, 0, -2495, 6147, -112.314598, 0.000000
2475, 2, 0, -2495, 6147, -112.314598, 0.000000
2477, 2, 0, -2495, 6147, -112.314598, 0.000000
2479, 2, 0, -2495, 6147, -112.314598, 0.000000
2480, 1, 0, -2495, 6147, -112.314598, 0.000000
2482, 2, 0, -2495, 6147, -112.314598, 0.000000
2484, 2, 0, -2495, 6147, -112.314598, 0.000000
2486, 2, 0, -2495, 6147, -112.314598, 0.000000
2488, 2, 0, -2495, 6147, -112.314598, 0.000000
2490, 2, 0, -2495, 6147, -112.314598, 0.000000
2491, 1, 0, -2495, 6147, -112.314598, 0.000000
2493, 2, 0, -2495, 6147, -112.314598, 0.000000
2495, 2, 0, -2495, 6147, -112.314598, 0.000000
2497, 2, 0, -2495, 6147, -112.314598, 0.000000
2499, 2, 0, -2495, 6147, -112.314598, 0.000000
2501, 2, 0, -2495, 6147, -112.314598, 0.000000
2503, 2, 0, -2495, 6147, -112.314598, 0.000000
2505, 2, 0, -2495, 6147, -112.314598, 0.000000
2507, 2, 0, -2495, 6147, -112.314598, 0.000000
2509, 2, 0, -2495, 6147, -112.314598, 0.000000
2511, 2, 0, -2495, 6147, -112.314598, 0.000000
2513, 2, 0, -2495, 6147, -112.314598, 0.000000
2515, 2, 0, -2495, 6147, -112.314598, 0.000000
2522, 7, 0, -2495, 6147, -112.314598, 0.000000
2524, 2, 0, -2495, 6147, -112.314598, 0.000000
2526, 2, 0, -2495, 6147, -112.314598, 0.000000
2527, 1, 0, -2495, 6147, -112.314598, 0.000000
2529, 2, 0, -2495, 6147, -112.314598, 0.000000
2531, 2, 0, -2495, 6147, -112.314598, 0.000000
2533, 2, 0, -2495, 6147, -112.314598, 0.000000
2534, 1, 0, -2495, 6147, -112.314598, 0.000000
2536, 2, 0, -2495, 6147, -112.314598, 0.000000
2538, 2, 0, -2495, 6147, -112.314598, 0.000000
2540, 2, 0, -2495, 6147, -112.314598, 0.000000
2542, 2, 0, -2495, 6147, -112.314598, 0.000000
2543, 1, 0, -2495, 6147, -112.314598, 0.000000
2549, 6, 0, -2495, 6147, -112.314598, 0.000000
2550, 1, 0, -2495, 6147, -112.314598, 0.000000
2552, 2, 0, -2495, 6147, -112.314598, 0.000000
2554, 2, 0, -2495, 6147, -112.314598, 0.000000
2556, 2, 0, -2495, 6147, -112.314598, 0.000000
2558, 2, 0, -2495, 6147, -112.314598, 0.000000
2559, 1, 0, -2495, 6147, -112.314598, 0.000000
2561, 2, 0, -2495, 6147, -112.314598, 0.000000
2563, 2, 0, -2495, 6147, -112.314598, 0.000000
2565, 2, 0, -2495, 6147, -112.314598, 0.000000
2567, 2, 0, -2495, 6147, -112.314598, 0.000000
2568, 1, 0, -2495, 6147, -112.314598, 0.000000
2570, 2, 0, -2495, 6147, -112.314598, 0.000000
2572, 2, 0, -2495, 6147, -112.314598, 0.000000
2574, 2, 0, -2495, 6147, -112.314598, 0.000000
2576, 2, 0, -2495, 6147, -112.314598, 0.000000
2577, 1, 0, -2495, 6147, -112.314598, 0.000000
2579, 2, 0, -2495, 6147, -112.314598, 0.000000
2581, 2, 0, -2495, 6147, -112.314598, 0.000000
2583, 2, 0, -2495, 6147, -112.314598, 0.000000
2588, 5, 0, -2495, 6147, -112.314598, 0.000000
2590, 2, 0, -2495, 6147, -112.314598, 0.000000
2591, 1, 0, -2495, 6147, -112.314598, 0.000000
2593, 2, 0, -2495, 6147, -112.314598, 0.000000
2595, 2, 0, -2495, 6147, -112.314598, 0.000000
2597, 2, 0, -2495, 6147, -112.314598, 0.000000
2599, 2, 0, -2495, 6147, -112.314598, 0.000000
2600, 1, 0, -2495, 6147, -112.314598, 0.000000
2602, 2, 0, -2495, 6147, -112.314598, 0.000000
2604, 2, 0, -2495, 6147, -112.314598, 0.000000
2606, 2, 0, -2495, 6147, -112.314598, 0.000000
